userName,score,at,full_text,kategori
Nurhidaya Nur,3,2025-04-26 05:26:03,aplikasi ini terkadang lemot untuk di buka dan bikin hp ku lemot juga jadi aku harus hapus dan download ulang terus menerus,Netral
V I Z X R _ 414H,1,2025-04-25 22:18:59,gw uninstall sih ini aplikasi pokoknya karena pas gw buka situs web di chrome sering ke teleport ke tik tok di alihin ke toko online pokoknya gw udah muak sama nii aplikasi. ğŸ˜¡ğŸ˜¡ğŸ˜¡,Negatif
ROBiN 36,5,2025-04-25 15:40:30,Aplikasi ini Sangat Bagus dg membantu saya jadi saya taruh ğŸŒŸ 5 ğŸ‘ğŸ‘ğŸ‘ğŸ‘ğŸ‘,Positif
As Pohan,1,2025-04-25 09:30:03,gk bisa main,Negatif
Joni Goncalves,5,2025-04-25 06:16:49,Terbaik lah,Positif
Armada Tempur86,5,2025-04-24 23:32:12,lumayan,Positif
Upe Trenzy,5,2025-04-24 21:49:38,ğŸ‡¹ğŸ‡± Tentang aplikasi ini juga lumayan bagus,Positif
Bunda Zahra,5,2025-04-24 20:18:01,aplikasi ini knpa ya ko lemot klu dibuka nya padahal jaringan wifi penuh,Positif
Sofiya Hidayat,2,2025-04-24 20:03:04,ada yg kaya sy gakk sihh mau bayar paylater kok gak ditemukann golong donk yg pahamm bantu jawab...,Negatif
Siti Nafsiah,5,2025-04-24 13:51:59,Oke,Positif
Md Tamin,1,2025-04-24 13:32:33,TAIWW,Negatif
Ronaldinho Conceicao,5,2025-04-24 12:32:51,Ok,Positif
ezaquel Teixeira,5,2025-04-24 09:27:16,Tingkatkan fiturnya,Positif
Roz Roz,5,2025-04-24 09:03:24,ğŸ’ªğŸ»ğŸ’ªğŸ»ğŸ’ªğŸ»ğŸ’ªğŸ»ğŸ¤ğŸ¤ğŸ‘ğŸ‘,Positif
romaldo pereira,5,2025-04-23 22:39:54,ğŸ‘,Positif
Suari Komang,5,2025-04-23 16:09:33,sangat menhibur dan bs dpt temen dan wawasan baru,Positif
Lana Zahira,5,2025-04-23 01:41:16,aku jd banyak pengalamn sedudah memakai tik tok ini,Positif
Lauriana Dejesus,5,2025-04-22 21:25:16,Kenapa Aplikasi Tiktok tidak bisa install di hp saya??,Positif
Tiles Baucau,5,2025-04-22 19:53:33,Terbaik,Positif
Fiii Rafiii,1,2025-04-22 19:28:12,g bisa d buka,Negatif
Nurhida Halid,5,2025-04-22 15:23:56,"Banyak Ilmu mulai dari tentang Makanan, Kreasi,agama,dan info belanja,Barang dll",Positif
Felicidade Da Costa,3,2025-04-22 12:53:34,cukup bagus,Netral
Hendra Hendra,5,2025-04-22 08:46:03,ok,Positif
Jamilah Bin Yahya,5,2025-04-22 04:57:46,ğŸ‘ğŸ‘ğŸ‘ğŸ‘,Positif
Putri Sulung,5,2025-04-22 04:35:06,OK,Positif
Kim Taehyung,5,2025-04-21 21:51:59,sangat bagus dan seruhh,Positif
Noryan Lovly,5,2025-04-21 18:20:32,bagus,Positif
Aishy Chan,1,2025-04-21 14:47:24,Lemot,Negatif
Ciaiii D'silva,1,2025-04-21 10:55:28,jelekk bjrrr masa filter nya gak bisa di pake anjirr,Negatif
Marselino De araujo,5,2025-04-21 07:54:44,sangat bagus,Positif
Duaputri,5,2025-04-20 14:14:46,terimakasih sudah bantu,Positif
Juvenio Souja,2,2025-04-19 17:26:17,ok,Negatif
Berkei Liarema,1,2025-04-18 11:50:51,filter saya ngak bisa di pakai,Negatif
Aldo Rizky,4,2025-04-18 01:28:25,sangat bermanfaat dan juga senang bisa berkenalan dengan orang lain,Positif
Rozitaa Marcall,1,2025-04-17 20:25:59,lolaa sekali,Negatif
Teh Yati sh,5,2025-04-17 00:54:26,makasih menghibur bnget,Positif
Vio Via,5,2025-04-16 19:10:24,tiktok bagus sekali,Positif
Junior Valente,2,2025-04-16 18:36:49,mengapa tiktok di hp saya responya lambat skl,Negatif
Alfredo Goncalves,5,2025-04-16 17:31:53,aku menukai tiktok,Positif
Sinah Istrinya dhani,3,2025-04-16 12:55:12,kenapa tiktoknya GK bisa kebuka mental mulu KLO buka tiktok,Netral
Ariyani,1,2025-04-16 09:34:52,Tidak bisa dibuka kenapa ya sudah 2hari kl mau diklik lompat terus,Negatif
Hatijeh Munawar,1,2025-04-16 00:50:26,apa gunanya sticker ada tapi tidak bisa di pakaiğŸ˜¡ğŸ˜¡ğŸ˜¡ğŸ˜¡,Negatif
suhendra subur,5,2025-04-15 21:45:31,ehhh bagus WehğŸ˜˜ğŸ˜ğŸ¤©ğŸ˜,Positif
Nur Aeini,5,2025-04-15 20:41:21,tiktok selalu menemani sy,Positif
alkhazAB Abe,5,2025-04-15 17:39:53,Baik buat hiburan,Positif
Riki Supendy,5,2025-04-15 13:57:11,bagus dan puas,Positif
Jenita Gusmao,1,2025-04-15 08:34:01,di tiktok lah kita punya teman banyak,Negatif
Dio Godinho,3,2025-04-15 08:17:40,"senan sekali, karna dengan adanya aplikasi ini saya bisa belajar banyak hal melalui aplikasi ini.",Netral
Antonieta dos Santos Pereira,5,2025-04-15 07:49:13,sangat bagus,Positif
Rainy Rainy,2,2025-04-15 03:20:28,Bagus banget,Negatif
stara Asa,5,2025-04-15 00:49:14,ini Application itu bagus. aku dapat teman bnyk Dari tiktok.,Positif
Rabin Merrah,5,2025-04-13 16:07:13,bagus,Positif
Francisco Filipe Tavares,5,2025-04-13 15:20:14,sangat bagus,Positif
Jaja Ximenes,5,2025-04-13 09:17:54,nice tiktokğŸ‘,Positif
Md Maruf,5,2025-04-12 20:34:57,nice,Positif
Domingas Boavida,5,2025-04-12 20:20:35,bagus,Positif
Afonso Do Rego,5,2025-04-12 15:50:31,cara buat konten di tiktok itu bagaimana,Positif
nino gomes,5,2025-04-12 14:01:14,apk ngelag gua masuk kenapa layar gua jadi abu abu padahal apk lain gak apk nya ngebug tolong di balas da di perbaiki sekarang,Positif
Sergio Tilo,5,2025-04-11 19:51:09,Baik,Positif
lesmana subagja,1,2025-04-11 18:13:01,lemot hrus hpus download lgi hpus download lgi ğŸ¤¦ğŸ¤¦ğŸ¤¦ğŸ¤¦ğŸ¤¦,Negatif
Johan Tan,5,2025-04-11 12:39:35,"cepet,dapat,dan mantap",Positif
Yuni Sri,5,2025-04-11 02:39:32,I like tiktok good,Positif
Jefrino Yohanes Alves,5,2025-04-09 16:57:07,sangat bagus dan saya suka sekali aplikasi iniâ˜ºï¸ğŸ˜˜â™¥ï¸,Positif
Babay Nuraeni,5,2025-04-09 15:30:23,"Apa2 maen blok aja lo,tokayyy bet",Positif
Aesthetic,1,2025-04-09 14:20:13,Ok,Negatif
Ocin Ocin,5,2025-04-09 02:28:34,keren mantaapp kamu selamanya kita semua kembali kepada kita,Positif
Rima susi Susanti,5,2025-04-08 10:40:08,susah di updatenya,Positif
Ayunindya Shafira N.,5,2025-04-06 20:06:45,sangat terhiburğŸ¤—,Positif
Ai teuis Sumiyati 94,5,2025-04-06 13:24:35,kenapa gs bisa menginstal,Positif
Maria Goreti,3,2025-04-06 10:00:03,baik,Netral
Rahma,5,2025-04-06 07:02:39,bagus,Positif
Tandi Saputra,1,2025-04-05 22:24:06,"saya mengalami kendala dibagian showcase padahal followers saya lebih, jadi mohon kepada pihak tiktok untuk ditinjau kembali permasalahan tersebut saya selaku wakil dari semua pemula showcase ingin mengajukan hal permasalah tersebut, terimakasih.",Negatif
Ahmad Sodik,5,2025-04-05 18:29:48,pokony oke,Positif
Rahkmat 1997,5,2025-04-05 18:07:40,ğŸ‘ŒğŸ‘ŒğŸ‘Œ,Positif
Desin Desin,5,2025-04-05 12:33:16,aplikasi tiktok saya sering banget di perbarui????,Positif
Valentin Hornai,5,2025-04-04 23:42:43,ok,Positif
YT Yadi chanel,5,2025-04-04 13:57:27,keren pokonya,Positif
Lulu L,5,2025-04-04 04:27:52,Aku suka,Positif
Fiona Goncalves,5,2025-04-03 20:31:51,Bgus bnget aplikasi nyğŸ˜Š,Positif
Bandra Mandrawata,5,2025-04-03 17:05:43,Mantap ğŸ‘ğŸ‘,Positif
Arjun correia Correia,5,2025-04-03 11:30:42,Mantap,Positif
Pedro da silva soares YGO BURADU,5,2025-04-03 05:15:47,YGO,Positif
Elisio Ximenes,3,2025-04-03 01:20:13,"Saya tidak bisa nonton video, dan saya juga tidak bisa daftar aplikasi tiktok mohon bantuannya agar saya bisa menonton video dan mendaftarkan aplikasi tiktok ini",Netral
Zulva Maab,5,2025-04-02 19:30:43,Sangat bagus sekali dan menghiburğŸ˜‡,Positif
Enivia Viegas,3,2025-04-02 14:57:49,kak punia kunne tidak ada sulp,Netral
Constanciolino Dacruz,4,2025-04-02 02:03:51,Good,Positif
Wayan Artika,5,2025-04-01 17:05:47,sangat Baguss ğŸ˜ŠğŸ’–ğŸ‘ğŸ‘,Positif
Atina fatim Fereria salsinha,5,2025-04-01 05:15:36,Trimakasi tiktok semoga husaha lancar ya aminğŸ¥°ğŸ™ğŸ‘Œ,Positif
Rumzetul Fitriya,5,2025-03-31 19:20:36,GoodğŸ‘ğŸ‘,Positif
Nn Aa,5,2025-03-31 13:31:45,Good,Positif
Kriwil Dasmin,5,2025-03-31 01:40:33,good,Positif
Dawood Khan,5,2025-03-30 23:18:24,good,Positif
Ronak Das,5,2025-03-30 23:08:13,ronak bai,Positif
Bowo Triwitjaksono,5,2025-03-30 21:28:37,"Coin harian,coin nntn,game ga ada",Positif
Aleks Soares,5,2025-03-30 18:59:25,buat konter kreatifğŸ‘,Positif
Kamal Umabaihi,5,2025-03-30 16:35:27,bagus,Positif
Lucia Guterres26,5,2025-03-30 16:27:53,amazing,Positif
Daniela Tilman25,5,2025-03-30 16:24:36,bagus,Positif
Muhammad Ade Rafael,5,2025-03-30 14:24:36,Aku Suka Banget Tiktok,Positif
Tome Ximenes,3,2025-03-30 13:09:12,terimakasih,Netral
Basuki Pramana,5,2025-03-29 22:04:05,Aplikasi yg bagus ğŸ‘,Positif
Nopi Ranti,5,2025-03-29 16:21:25,good,Positif
Lili Moniz,5,2025-03-29 14:53:43,BAGUS tiktok,Positif
tofik gondrong,1,2025-03-29 10:29:50,aplikasi terinstal tidak bisa di buka ğŸ—¿ğŸ—¿ğŸ—¿ğŸ—¿ğŸ—¿,Negatif
Ashura Hoshi,4,2025-03-29 08:15:53,sangatlah keren,Positif
Rivania Guterres,5,2025-03-28 18:26:59,baguss bgtttğŸ¤,Positif
rangga Pr,5,2025-03-27 23:30:41,tiktok sangat bagus luar biasa,Positif
Monalisa Liunesi,1,2025-03-27 23:05:22,"aplikasi ini kok lemot.... padahal jaringan bagus tapi setiap kali dibuka yang muncul hanya logonya.hapus dan instal lagi tetap sama,kalaupun kebuka hanya gambarnya saja vidio tidak bisa diputar lalu keluar sendiri.",Negatif
Karpin Abimanyu,5,2025-03-27 19:41:17,bagus,Positif
Suzana Soi santos,5,2025-03-27 07:52:24,aku suka nonton tiktok karena ada motivasi nya wkwkwkwkwk,Positif
dadang sulaeman,5,2025-03-26 16:55:46,good,Positif
Olandina Gomes,5,2025-03-26 14:09:45,aplikasi ini sangat bagus sekali tapi ada masala Nia karena gigabait Nia Terlalo besar dan tida bisa di download di hp saya ham jadi kecewa de ğŸ˜”ğŸ˜”ğŸ˜”ğŸ¥ºğŸ¥ºğŸ’” padahal ini aplikasi sangat bagus jadi Tamba sedi sampe ğŸ˜­ğŸ˜­ğŸ˜­ğŸ˜­ğŸ˜­,Positif
Aamir Khan Amir Muhammad,5,2025-03-26 13:09:14,For you,Positif
Eufrazia Amaral,5,2025-03-26 12:39:38,ğŸ˜ğŸ¥°,Positif
carjenia 23,5,2025-03-25 21:29:20,Memberi motivasi,Positif
Vharmei Lestari,5,2025-03-24 10:02:31,susah,Positif
Unicorn 111,1,2025-03-24 09:05:56,ada bug. ga bisa login,Negatif
Jacinta Fatima,5,2025-03-23 19:20:46,sangat baik,Positif
Abdee syah,5,2025-03-23 16:07:10,menyenangkan,Positif
Duarte Karvalho,5,2025-03-23 14:12:32,Good,Positif
Daffa Hafiz firdaus,2,2025-03-22 18:41:50,tombol tiktok shop gw ilang,Negatif
Hendrik Velasco,5,2025-03-20 16:11:43,wooowwwwwwwwwwwwwww gooddddddddddddddd,Positif
Janker Pablo,5,2025-03-20 13:35:48,saya suka,Positif
Dimas Arnel Pratama,1,2025-03-20 11:35:08,"aplikasi sarang monyet, dapat menurunkan iq jika terlalu mengikuti",Negatif
Muhammed Azzam,5,2025-03-20 11:20:43,good,Positif
Filomeno Soares,5,2025-03-20 08:50:08,very good,Positif
Taa Uyee04,2,2025-03-20 07:01:52,lumayan,Negatif
Sri Rizki,5,2025-03-20 02:20:09,Good,Positif
Feli Martins,5,2025-03-19 19:45:42,ğŸ‡¹ğŸ‡±ğŸ‡¹ğŸ‡±ğŸ‡¹ğŸ‡±ğŸ‡¹ğŸ‡±ğŸ‡¹ğŸ‡±ğŸ‡¹ğŸ‡±ğŸ‡¹ğŸ‡±ğŸ˜ğŸ˜ğŸ˜ğŸ˜ğŸ˜,Positif
Siti Khadijah,5,2025-03-19 19:09:42,kenapa si tiktok skrng lagi main tiba tiba keluar sendiri. mlh bilang dta nggak cukup padhal pakai wifi,Positif
Murni Mumu,5,2025-03-19 13:03:26,Good,Positif
Ronaldo Bernardino,1,2025-03-19 09:06:32,sekarang tiktok udah burik sekali bukan kayak dulu sekarang kita post video udah seminggu pun masih 0 views kasih solusinya doang ğŸ¥€ğŸ’”ğŸ’”,Negatif
Arnawati Ramli,5,2025-03-19 02:58:18,sy kasih 5 bintang,Positif
Mariano Namyzen,5,2025-03-18 15:42:57,bagus,Positif
Raymundo Madeira,5,2025-03-18 10:28:08,saya sangat suka dengan aplikasi ini karena bisa membantu saya dengan semua hal yang saya lakukan,Positif
Oni Olivia,5,2025-03-18 09:52:09,Kenapa sekarang pas mau bikin vidio efek nya nggk bisa malah item dan ngeleg lagiğŸ˜­ğŸ˜­ğŸ˜­,Positif
Agus Supriyatin,2,2025-03-18 08:31:53,lumayanlah,Negatif
Wiwiek Lusiana,5,2025-03-18 05:46:21,Bagus,Positif
Apeu Silva,5,2025-03-18 04:06:43,Trima kasi kaka,Positif
Busani Zda,5,2025-03-17 21:49:26,sudah ada fitur api dan pet nya,Positif
Chandra Buana,5,2025-03-17 20:45:07,â­â­â­â­â­,Positif
Hary Anto,5,2025-03-17 02:14:02,Aplikasi penambah saudara thank you,Positif
Naa Yana,5,2025-03-16 10:23:18,Sangat bagus,Positif
Mingas Araujo,5,2025-03-16 09:57:08,Karena bagus,Positif
Beatriz Pereira,5,2025-03-16 09:54:55,Wow,Positif
Marco Angelos,5,2025-03-16 06:49:10,TiKTok ini adalah Terbaik,Positif
Andini Naysila,1,2025-03-16 01:34:12,"plisss ini sering ngebug di logo, trs di hp saya kdng suka gamau di install",Negatif
Nazario Lortasi,5,2025-03-14 16:33:50,Aplikasi ini bagus saya sangat suka,Positif
Sisca Silva,2,2025-03-14 15:17:47,Bgus,Negatif
Secaltinha Noviana_collo,5,2025-03-14 13:16:44,ğŸ‘ğŸ½ğŸ‘ğŸ½ğŸ‘ğŸ½ğŸ‘ğŸ½ğŸ‘ğŸ½,Positif
Ajun Nolland,4,2025-03-13 20:02:11,Aplikasi yang sangat bermanfaat,Positif
axella chatilin Salindeho,5,2025-03-13 17:35:43,keren,Positif
Fan hua,1,2025-03-13 16:10:58,Tiba tiba gk bisa d buka,Negatif
Sabino Hibranio,4,2025-03-13 15:21:08,Good ğŸ‘ğŸ‘,Positif
Revan Mardiansyah,5,2025-03-13 13:36:59,sya inggin memiliki aplikasi ini,Positif
Tanel Leonutu,1,2025-03-13 07:19:46,Aplikasi penurunan iq,Negatif
Anna Maulidza,1,2025-03-13 04:16:19,Setiap update selalu ga bisa dibuka lagi,Negatif
Cataleia Conceicao,5,2025-03-12 20:18:52,Aku suka banget sama tiktok karena bagus bangett,Positif
Windarwaty setiawan,5,2025-03-12 19:48:03,Bagus bngt jadi saya kasih bintang lima,Positif
leo castro,5,2025-03-12 16:49:55,Sai suda dowload berkali tapi tidabisa,Positif
Fidelis Alves,1,2025-03-11 23:16:52,Aplikasi kurang baik update tdk bisa ini,Negatif
Araujo Abetu,5,2025-03-11 19:56:40,keren,Positif
Uya Pepen,2,2025-03-11 18:55:04,"Knp tiktok sy kok ilang "" trus, dan skrg buka nya harus buka play store",Negatif
Jino Badoar,1,2025-03-11 08:28:59,Ok,Negatif
Suzia Dearaujo,5,2025-03-10 19:09:05,Bagus,Positif
Menezes David,5,2025-03-10 13:33:44,Baguss bangatâ­â­â­â­â­â­â­,Positif
Deddy Suhendar,1,2025-03-10 00:07:14,Ada apa dengan tiktok??????? Sekarang d pake Besok nya ngak bisa d buka Apk nya harus d hapus dulu Kemudian download Baru bisa d pake lagi Jadi boros kuota !!!!!,Negatif
Sebastian manuel Assis Belo,5,2025-03-09 21:01:38,"niaman sekali kalao ada tiktok karna bisa kenal oran oran di dalam tren ini,ğŸ¥°ğŸ¥° Tapi kita mau instal tiktok nia lama sekali",Positif
peachy chel.,5,2025-03-09 18:32:51,saya udah download tapi pas masuk tiktok isinya fidio orang tua semua,Positif
Julio Soares,3,2025-03-09 12:27:58,"Kok apk Tiktok ini gak bisa daftar masuk siii ,akun saya sii",Netral
Gloria Bety da costa tilman,2,2025-03-09 09:46:00,Instal akun ini lama sekali,Negatif
Regina Amaral,5,2025-03-09 05:25:36,Cepat dong,Positif
hibbatuldayee,1,2025-03-09 01:55:42,"setelah di update, tiktok tidak bisa di buka hanya muncul logo dan layar HP saya semuanya tiba tiba hitam (bkn mati)",Negatif
Kikil Nabank,5,2025-03-09 01:41:15,mantap,Positif
Nani Jen,5,2025-03-08 15:53:39,Bgus,Positif
Alcina De Almeida,2,2025-03-08 10:04:06,seru sihh..tapi makan banyak data,Negatif
Umi Halimah,1,2025-03-08 02:17:18,Ko tiktok saya ga bisa di buka buka warna hitam aja yg ada Gimna may bilng yes app ny ga bisa di buka2 sudah berapa x di downloaded ulang hasil ny nol,Negatif
Helio Joaquim,5,2025-03-07 14:52:45,Konten di Tiktok sangat menarik dan terhibur,Positif
Ahmed King,5,2025-03-07 11:50:54,yea that's the,Positif
riya,5,2025-03-07 09:10:45,biarkan bintang yang bicara ğŸ¤,Positif
Daniar Majid,3,2025-03-06 21:44:14,sangat cocok,Netral
Delano Raedoe aureliano,1,2025-03-06 14:39:40,OK,Negatif
yashuamariskha22 yashua,5,2025-03-06 10:03:49,susah masuk ditiktok,Positif
Sara Yuni,5,2025-03-06 07:20:18,ÙˆØ§ÙˆÙˆÙˆ,Positif
Luis Belo,5,2025-03-06 05:36:33,Aku suka,Positif
Fania Seran,5,2025-03-05 19:06:30,Sangat bagus dan menarik,Positif
Colmera Timor,5,2025-03-04 13:28:14,Nice,Positif
Erwin Win,5,2025-03-03 18:56:55,Bagus,Positif
R Blue,1,2025-03-03 15:00:32,"Ada apa dengan aplikasi ini kok dikit "" blokir akunğŸ˜– udah 2x tolong dong perbaiki",Negatif
Ahha Shopping,5,2025-03-03 08:48:33,ğŸ˜˜,Positif
Carles Soares,4,2025-03-03 07:19:34,Amagay,Positif
Elwin Wini helvina,5,2025-03-03 04:27:55,Wajib download,Positif
marsaid 999,5,2025-03-03 02:30:09,Sangat menghibur,Positif
Eujeniia Martins,5,2025-03-02 15:52:48,bagus,Positif
retno gumilang,5,2025-03-02 11:24:37,Mantap,Positif
Dar Jihan,5,2025-03-02 03:33:00,Kenapa tiktok dipaksa berhenti,Positif
Bang Agus,5,2025-03-02 00:07:08,Super bangat,Positif
Maro Maro,5,2025-03-01 15:34:52,Keren,Positif
Athafariz Ramos,5,2025-03-01 14:48:07,Aplikasinya sangat bagus,Positif
RAFA,5,2025-02-28 22:39:00,kenapa suka lemot,Positif
Raul edusanto Lim,5,2025-02-28 21:53:59,Baik untuk saya,Positif
Ze Goncalves,5,2025-02-28 19:35:08,Classic,Positif
nur aziza,5,2025-02-28 16:24:25,Good ğŸ‘,Positif
Anis Setiawan,4,2025-02-28 15:46:47,bagus,Positif
Afkal Afkal,5,2025-02-28 14:19:53,bguss,Positif
Ulfa karima,3,2025-02-27 23:21:21,"Kenapa tiktok sekarang sering nge bug ya padahal baru download, pas buka cuman terstuck lama di logo",Netral
karni silva,5,2025-02-27 18:46:27,Krennnnn,Positif
Kiano Ama,1,2025-02-27 17:56:31,Luar biasa,Negatif
komang suriani,5,2025-02-27 17:25:56,Good l like,Positif
Wiwin Suhaeti,1,2025-02-27 17:01:30,dewizahraAgustinakls:5,Negatif
Muhammad Fazlie,5,2025-02-27 10:49:59,mantap,Positif
ria,1,2025-02-26 10:28:14,dikit dikit kena pelanggaran dikit dikit ke banned males sama.admin tik tok,Negatif
Feny Barreto,2,2025-02-26 08:34:16,Saya tidak suka Karna tiktok saya di blokir,Negatif
Macario De carvalho,5,2025-02-26 02:58:08,bagus,Positif
Antonio Boavida,5,2025-02-25 20:12:54,Sangat bagus,Positif
Dave Hariz,5,2025-02-25 20:03:05,Agus,Positif
Muhrodi Rustandi,5,2025-02-25 14:17:22,Tontonan Hiburan .yg mengasikan,Positif
Sofia Nisa,1,2025-02-25 03:46:42,Lemot jaringan nya,Negatif
Rian Bopenk,5,2025-02-24 23:18:10,Sangat membantu,Positif
Dion Alexandre,5,2025-02-24 20:23:33,Bagusssssss,Positif
Cahya Romadam,5,2025-02-24 17:28:52,Ok,Positif
Diana Indraisa,5,2025-02-24 16:40:09,Sangat puas dengan aplikasi tik tok,Positif
Saniyah Ruslan,5,2025-02-24 14:22:33,Aplikasi yang sangat bagus untuk trend masa kini,Positif
Juz Amma,1,2025-02-24 11:55:15,Jelek banget.. mesin hp kujadi ga berfungsi Alias lelett,Negatif
Ka Fa,5,2025-02-24 05:40:34,Mantap,Positif
Aisha Adma,5,2025-02-24 00:31:47,aku berapa kali download tiktok semuanya harus download tiktok terus ğŸ˜¥ğŸ˜“ğŸ˜“,Positif
Ismi Novia,5,2025-02-23 12:51:38,aplikasinya sangat bagus pokoknya Saya suka,Positif
MARGANA RISALRI NABEN,5,2025-02-23 10:35:02,â­â­â­â­â­,Positif
Kombet Natuleo,5,2025-02-23 09:38:21,Sangat membantu,Positif
Evha Alvina,1,2025-02-23 08:29:48,Selalu ada gangguan di saat live padahal sinyal/ wifi normal,Negatif
Costa Nana,5,2025-02-23 07:48:25,Nice,Positif
Si Kembar,5,2025-02-23 01:50:46,Cakep,Positif
Aril lubalu,5,2025-02-23 01:36:12,Terbaik ğŸ‘,Positif
Dhanny Hadianto,5,2025-02-23 00:25:33,Bagus,Positif
Adampurwa 2012,5,2025-02-23 00:07:40,Asik sih bisa dapet ilmu dari VT orang-orang yang berkelas di TikTok,Positif
SULE MISTO,5,2025-02-22 22:47:34,Nice,Positif
Ello,5,2025-02-22 15:06:53,ğŸ‘ğŸ‘ğŸ‘ğŸ‘ğŸ‘,Positif
Nelfio Junior,5,2025-02-22 11:16:30,Saya suka dengan tiktok karena menghibur Saia salam kenal dari {Timor Leste ğŸ‡¹ğŸ‡±},Positif
Francelino Lourdes Pereira,4,2025-02-22 09:00:34,Keren dan mantap,Positif
Maulana Safa,1,2025-02-21 21:18:56,"Ko saya lagi asik main tik tok tiba "" keluar sendiri dan tidak bisa di buka lagi harus install ulang sudah di install ulang semua video yang sudah saya buat di simpan di draft semua hilangğŸ˜Œ",Negatif
Rei Ncs,4,2025-02-21 20:48:38,Mantap,Positif
Alyaaalyaaa Alyaaalyaaa29,5,2025-02-21 20:42:03,Aplikasi ini sangatt berguna untuk sayaa dang saya sangat suka dengan aplikasi ini terimakasiğŸ˜ğŸ˜,Positif
Daudsatahi tampubolon,5,2025-02-21 19:07:54,Jel tampu,Positif
AHRUJI CHANNEL,5,2025-02-21 11:40:55,Sangat puas dengan ada nya aplikasi tik tok. Bisa nambah temen banyak,Positif
Ahmad Fauzan,2,2025-02-20 23:16:13,Aplikasi buruk jelex .kaga danta mudah sekali membatasi akun orang dan memblokir akun,Negatif
Heti Kusmiati,3,2025-02-20 12:56:43,Brita.nya.cepet.ilang.lambat,Netral
Titti Calapes,5,2025-02-20 12:11:54,Selalu Menghibur saya,Positif
Edi Effendi,5,2025-02-19 13:35:59,mantab,Positif
Tiago Alves,5,2025-02-19 09:49:45,Bagus dan terpengaruh,Positif
Nina anwar Serang,4,2025-02-19 08:45:41,Sekedar hiburan,Positif
AGA LURAKU,5,2025-02-19 04:04:02,nice,Positif
Siti siah Siah,5,2025-02-18 21:45:01,senang beremain tiktok karena bisa lihar mikazuki arion. Rowr,Positif
Nelson Amaral,5,2025-02-18 19:54:24,Sangat bagus,Positif
Melania Dos Reis,5,2025-02-18 16:23:50,Bagus sekali,Positif
Husna Husna21,5,2025-02-18 04:35:32,seru poll wess,Positif
Demetrio Quintao,5,2025-02-18 04:31:24,Fitur saya tidak ada Live-nya tolong dong,Positif
Jito Soares,1,2025-02-17 16:25:19,Kok tiktok aku tidak bisa menghasilkan text to speack yang sedang trand itu? Mohon di perbaiki dulu yah,Negatif
Rafi Zufar,3,2025-02-17 14:58:14,ğŸ˜,Netral
Razu Bellany,1,2025-02-17 11:54:07,"Tolong perbaiki systeam tiktok, ngelek parah skrng",Negatif
SK SAMIM,5,2025-02-16 22:16:08,Nice,Positif
Arrisqi Azka,1,2025-02-16 18:33:53,Suka keluar sendiri,Negatif
Ziva NA,5,2025-02-16 07:13:16,Baguss sekali applikasi nya saya suka,Positif
Ameir ameir Ameir ameir,5,2025-02-16 00:13:15,ğŸ˜…,Positif
Roy Sam,1,2025-02-15 21:37:39,Aplikasi murahan....ga da mutunya,Negatif
Md Bangladesh,4,2025-02-15 21:18:44,Filter yang kurang memuaskan,Positif
Maya Adam,5,2025-02-15 20:15:12,sangat bagus,Positif
Fransisco Tavares,5,2025-02-15 11:27:42,Bagus,Positif
ANGELINO CARCERES,5,2025-02-15 10:05:33,Suka sekali sama aplikasi ini krana kita bisa tau berbagai macam yag kita belum tau,Positif
Sinta Sinta,4,2025-02-15 02:22:00,Sangat menghibur,Positif
Aidy Trama,1,2025-02-14 20:02:15,APLIKASII GAJELAS AJG,Negatif
Shelysusilawati Susilawati,2,2025-02-14 18:42:51,Saya sangat kecewa dengan aplikasi ini,Negatif
mamahedaazis dubai,5,2025-02-13 22:17:22,good,Positif
Whita Shopp,5,2025-02-13 18:48:11,Makasih tiktok,Positif
Iya Nd,5,2025-02-13 06:44:18,Ok,Positif
Zebio Cl,5,2025-02-12 23:15:20,Keren,Positif
Iis Siti Aisyah,5,2025-02-12 21:29:51,Mengapa tiktok saya sekarang tidak bisa memposting ulang vidio teman aku,Positif
Escolastyca Gomes,5,2025-02-12 13:03:05,Goog,Positif
Dede Aira,5,2025-02-12 07:59:40,Halo tiktok Aplikasi sangat baik,Positif
Anny Lemos,1,2025-02-11 02:14:21,Bagus,Negatif
Eni rohaeni Rohaeni,5,2025-02-11 01:47:50,Bagus,Positif
mommycell 53853863,5,2025-02-10 20:33:30,SAYA SUKA APLIKASI INI,Positif
Tina Winners,2,2025-02-10 11:19:11,Sangat kecewa Kenapa akun ku selalu gk bisa kebuka tiap 2harix harus di instal ulang,Negatif
Sheira Syakirasyaputri,1,2025-02-09 16:32:07,g bisa kebuka,Negatif
syifa Annisa,2,2025-02-09 06:38:42,knpa gabisa download ya,Negatif
Sabino Pereiira29,5,2025-02-08 22:51:31,Bagus,Positif
Sari Yanto,1,2025-02-08 21:57:50,tiktok gk bisa di update,Negatif
Junior Ramos,5,2025-02-08 20:05:29,Iibtiktok Nia sangat bagus kita nonton laiar Nia jerni,Positif
Ahmad,5,2025-02-08 17:40:38,Ok,Positif
Syifah Warsih,1,2025-02-08 16:35:38,Aplikas ini suka keluar sendiri dan sering macet saya berharap aplikasi ini dapat di perbaiki lagi kedepannya,Negatif
Agus Dimas service kipas angin Udin,5,2025-02-08 16:25:46,Aplikasi tiktok tiba tiba kok nggak bisa di buka kenapa ya,Positif
Muhammad Handika,5,2025-02-08 15:21:51,"Kenapa suka ga masuk , harus dihapus instal ulang terus",Positif
Alfoinita Alfoi,5,2025-02-08 11:46:52,Bagus dan banyak fiturğŸ‘,Positif
Email Playstor,5,2025-02-08 09:06:00,cepet,Positif
zozo saja,5,2025-02-08 06:04:05,ok,Positif
Muhammad Abduljabbar,5,2025-02-08 00:19:36,Baik,Positif
Elisabeth marlila Hornai,5,2025-02-07 14:28:15,Bagus banget tiktok,Positif
Rosalina Gama,5,2025-02-07 07:44:46,Baik,Positif
Fajriyani soares Yani,5,2025-02-06 15:12:55,Aplikasi ini menhibur kita untuk santa di malam hari atau di siang harii untuk kita yang merasa bosan dan lelah,Positif
Jenilda Pinto,5,2025-02-06 08:02:51,Bagus banget,Positif
Asri Ani,1,2025-02-05 23:07:19,"Sangat2 buruk,, aplikasi tiba2 macet,, HP macek gara2 buka tiktok,,",Negatif
celestina belo,5,2025-02-05 13:08:10,Saya suka hu,Positif
Agus Aja55,5,2025-02-04 22:37:38,Bgud,Positif
Dede Taslim,1,2025-02-04 21:50:21,Kok di blokir selamanya kacau,Negatif
Wildaniya Ekaputri24,5,2025-02-04 13:45:16,Bagus,Positif
Ande Lukyalit,1,2025-02-04 07:39:36,"Ada apa dengan aplikasi tiktok sekarang, jadi sering keluar masuk, install uninstall ğŸ˜–ğŸ˜–",Negatif
Juviana Maria viana freitas,5,2025-02-03 23:53:00,"Saya sangat menyukai aplikasi ini,saya berharap fitur fitur yang terkunci di negara kami Timor leste bisa dibuka agar kami bisa mengakses,trima kasih",Positif
Breiv Ornai,4,2025-02-03 20:47:59,Saya sangat suka dengan aplikasi ini â¤ï¸ğŸ™,Positif
Sity,5,2025-02-03 17:43:48,Good,Positif
Vanya Pinto,1,2025-02-03 11:58:21,Kenapa saya buka Tiktok ga bisa yaa,Negatif
Waty Waty,1,2025-02-03 05:51:18,"Kenapa tik tok sekarang tdk sama dengan yg dulu Tia hari sy harus hapus dn denlit ulan klau tdk, tidak bisa bukağŸ˜¥",Negatif
Kauman Ketapang,5,2025-02-02 23:20:50,Sangat bagus,Positif
Arginda Danda,5,2025-02-02 16:10:31,Aku suka,Positif
GSI Baucau Bahu,5,2025-02-02 08:26:40,Mantap,Positif
Dwi Purwanto,5,2025-02-02 08:09:25,Bagus,Positif
Lauriano DA silva pereira,5,2025-02-02 00:19:06,Terimakasih,Positif
Leni HiNamORry,1,2025-02-01 22:28:41,"Mkin buruk live ku tiba"" gk bisa naikkn orang k komal",Negatif
Iberamsyah Iberamsyah,1,2025-02-01 15:51:49,Forclose trus mo scroll doang keluar sendiri ringankan dikit lah,Negatif
Angellita Sellviawati,4,2025-02-01 15:34:07,Ko pas aku donglod lama banget aku kasih bintang 3 Aku gamau donglod,Positif
Iwan Setiawan,1,2025-02-01 07:40:22,"Kebanyak ngaco, susah di buka, harus d hapus dulu lalu d download lagi, gitu terus, udah lebih dari 10 x",Negatif
Kayla Channel,5,2025-01-31 21:19:40,Nice app,Positif
Riski Nario,5,2025-01-31 19:39:48,"Aplikasi ini sangat bagus,kita bisa lebih cepat Dapat imfromasi yang terupdet,dan banyak sekalih vidio""yang Selalu menghibur kita,....dan kalo Bisa Adain Nonton vdieo offlinenya juga,50 vdio gratisssğŸ¤£ğŸ™",Positif
å¼ éœ,5,2025-01-31 14:09:06,"Graciano. Aniceto æˆ‘å–œæ­¡æ¨¡æ“¬,ğŸ’‘ğŸ’‘ğŸ’‘ğŸ’‘ğŸ’‘ğŸ’‘ğŸ’‘ğŸ’ğŸ’ğŸ’ğŸ’ğŸ’ğŸ’ğŸ’ğŸ’ğŸ’ğŸ’ğŸ’ğŸ’ğŸ’ğŸ’ğŸ‡ªğŸ‡¸âœ–ï¸",Positif
Ryan Hani,5,2025-01-30 23:26:27,Good,Positif
Yahya Difa,5,2025-01-30 18:48:45,Kesukaan ku pliss,Positif
Firdaus Ssss,1,2025-01-30 12:32:46,sering bug,Negatif
Mirah anamira,1,2025-01-30 08:24:26,"jlek skrng tiktok akun suka tiba"" kluar gk bsa d bka sblum instal ulangğŸ˜¡",Negatif
Pigai Marius123,5,2025-01-30 00:17:27,yes yes sssss,Positif
Fatiya Sajidah,1,2025-01-29 22:04:07,"Tolong ini ngebug terus, saya cape pliss harus download hapus download hapus",Negatif
BEBEN VITORIA,5,2025-01-29 21:49:10,Baru mau cobain,Positif
Ade Putra,5,2025-01-29 14:44:26,Lumayan,Positif
Titin,5,2025-01-28 23:43:48,Sya ingin kembali sma akun tiktok aq yg dlu yg nma nya aeni titin titin,Positif
asmayanti yanti,1,2025-01-28 21:38:55,"Tiktok skrang aneh, trkdang ngebuka aj susah ğŸ˜",Negatif
Sri wahyuni Sri,1,2025-01-28 19:41:09,Ù„Ù…Ø§Ø°Ø§ ÙŠÙˆØ¬Ø¯ ØªÙŠÙƒ ØªÙˆÙƒ Ø¥Ø°Ø§ Ù„Ù… ÙŠÙƒÙ† ÙƒÙ…Ø§ ÙƒØ§Ù† Ù…Ù† Ù‚Ø¨Ù„ ÙÙ…Ù† Ø§Ù„Ø£ÙØ¶Ù„ Ø¥Ø°Ø§ Ù„Ù… ÙŠÙƒÙ† Ù‡Ù†Ø§Ùƒ ØªÙŠÙƒ ØªÙˆÙƒ Ø¹Ù„Ù‰ Ø§Ù„Ø¥Ø·Ù„Ø§Ù‚ØŸ ğŸ˜¤ğŸ˜¤ğŸ˜¤ğŸ˜¤ğŸ˜¤ğŸ˜¤,Negatif
Pengguna Google,5,2025-01-28 17:46:26,Kenapa tiap masuk akun selalu gak ada internet..padahal internet lancar jaya,Positif
Umi hazizah,5,2025-01-28 15:12:42,Kenapa titok kalu buka lama ya Harus isntal lagi ulang lahh anjir,Positif
Fatimah Hasan,1,2025-01-28 08:54:29,butut bangey gampang ngeleg gaada perubahan,Negatif
Isau peregrino Maia,4,2025-01-28 07:04:10,Bagus,Positif
Bang Lan,5,2025-01-27 20:46:58,Keren,Positif
Riyan Thapa,5,2025-01-27 17:12:47,",ok ğŸ‘Œ",Positif
Dandy Ginting (Sales Daihatsu),1,2025-01-27 14:39:41,"Saya sangat kecewa dengan pihak Tiktok Karna memblokir HP saya untuk bisa login. Padahal pelanggaran yang saya buat tidak disengaja. Kalau akun tiktok saya yang diblokir, mungkin saya bisa buat lagi. Tapi ini saya harus ganti HP baru bisa main tiktok lagi.",Negatif
Fha Leen,1,2025-01-27 00:58:22,Jelek,Negatif
Lili Reis,5,2025-01-26 22:00:17,Aku suka banget degang aplikasi tiktok ini,Positif
Jajang Jajang,5,2025-01-26 16:51:33,Seru dan GK seruğŸ˜‹ğŸ«¤,Positif
Ano Elu,5,2025-01-26 10:01:57,Terimakasih,Positif
Satuk Maksa,1,2025-01-26 03:38:25,bad,Negatif
Graciela do Carmo,1,2025-01-25 19:42:01,saya benar kecewa dengan aplikasi TikTok saat ini..Tiba tiba Keluar sendiri lalu kita tidak bisa masuk..,Negatif
Md Habib,5,2025-01-25 16:33:41,à¦­à¦¾à¦²à§‹ à¦™,Positif
Ujie Aje,5,2025-01-25 15:11:58,Sangat bagus,Positif
Bunglon Oyey,5,2025-01-25 09:57:44,Ok,Positif
Manwell Pintwo,5,2025-01-25 08:16:57,Good,Positif
Ayu Dwi Lasmini,5,2025-01-25 06:02:25,"Bagus"" aja sih",Positif
Nurul Adibah,1,2025-01-25 03:43:01,"Setiap buka aplikasi tiktok pasti hp jadi eror, dan ngk berfungsi.",Negatif
Jeremias Soares loe bato,5,2025-01-24 22:47:02,Tolonglah iya berbaikan,Positif
Neizza,2,2025-01-24 21:45:32,Saya kasih 2 bintang . Kenapa tik tok saya malah kalo nonton live striming ngelag terus,Negatif
Nova Suryaningsih,3,2025-01-24 21:35:26,"Tiktok sekarang knapa gak jelas,tiba tiba di blokir gk bsa blik lagi akunnya pdahal tdak mlakukan ksalahan.baru bikin gk lama d blokir permanenğŸ˜­ tolong lebih bijak lagi donk.",Netral
Bunga Yasmin,2,2025-01-23 13:05:05,Terlalu sesitif ğŸ˜¡ğŸ’”,Negatif
Lucas Basco baros,5,2025-01-23 07:55:28,Y Love you Tiktok,Positif
Isabela Lopes,5,2025-01-22 19:18:30,"â¤ï¸â€ğŸ”¥game yah bagus sekali,AKU SUKA",Positif
Diva JuweitaBlouds,5,2025-01-22 10:17:05,5bintang,Positif
AnTeRo 77,5,2025-01-22 09:22:09,nice,Positif
Riyan Pra05,5,2025-01-22 08:06:30,Sangat bagus dan bermanfaat buat anakÂ² minenial,Positif
Daniel Malo elo,5,2025-01-22 07:40:12,Terima kasih,Positif
Ryan Ibrahim,5,2025-01-21 22:33:18,Ok,Positif
Rahma Rahma,2,2025-01-21 16:10:14,"Saya tidak bisa masuk akun saya,,, dn hrus keluar dari aplikasi nya tidak bisa masuk",Negatif
neng ifeanyi,5,2025-01-20 23:37:06,Good walau kadang hilang sendiri,Positif
Rizal Rizal87,5,2025-01-20 23:29:28,upppppz sudah senang eh malaa lelet..apesss,Positif
Akmala Rohmi,1,2025-01-20 20:51:50,Baru mau buka TIKTOK koq gx bisa katanya Gak ada internet.. Org WiFi lancr2 j..smpe2 mo download TikTok Lite jg gx bisa...apakah Aplksi ni DiBlokir dr pusatnya???kn jadi BT Gax ada Hiburanya...dri Tiktok Q bisa Senyum2 ngakak y pokknya Terhibur..sekrg HAMBAR ğŸ¥ºğŸ¥ºğŸ¥ºğŸ¥ºğŸ˜­ğŸ˜­ğŸ˜­,Negatif
Candra Giovani,1,2025-01-20 19:32:30,Mendownload sendiri,Negatif
ERCIA Sarmento,4,2025-01-20 18:49:48,Yaa,Positif
Robin Anya,5,2025-01-20 14:46:38,Lemot sekali,Positif
Santi Nes,5,2025-01-20 13:00:04,Bagus,Positif
Enok Saja,5,2025-01-20 12:37:22,Menyenangkan,Positif
MUKHLIS CHANNEL,4,2025-01-20 06:19:11,Best...ğŸ‘,Positif
Nur,5,2025-01-20 03:27:44,Baguss,Positif
Tari Lupus,5,2025-01-20 01:55:48,Bagus,Positif
Tomin Minto,5,2025-01-20 01:15:41,Saya nggk bisa lev,Positif
Ahyu Wahyuni,5,2025-01-19 22:41:29,Sangat bagus,Positif
Nurlaeaplara,5,2025-01-19 22:00:36,Hooiiiii bosen saya tiap bulan hrus Ngedounlod tiktok mulu saya sudah kasih bintan foll nyebelin tolong di perhatikan pengguna tiktok,Positif
As As,5,2025-01-19 19:25:44,sangat kecewa tiktok skrng ga kaya kmrn skrng klw mu buka tiktok harus d instal dulu knp jadi gini ad yg sm ga,Positif
Raihanahfitriyah2907 HanaRF,5,2025-01-19 17:35:42,Seruuu,Positif
Muhajir Emminiman,5,2025-01-19 16:16:35,Goood,Positif
MGR Blessing,5,2025-01-19 11:04:42,Bohon maham Iha aku minta mahfffff,Positif
Adisti,3,2025-01-19 10:03:02,Aktifkan akun setelah di nonaktifkan tidak bisa terus udah dicoba terus tetap tidakbisa di aktifkan:(,Netral
Nink siti Sholihah,5,2025-01-19 02:53:19,Tik tok saya GK bisa di buka,Positif
Saadah Sitisaadah,4,2025-01-18 22:14:14,3. dulu krna suka di batasin kenapa ya,Positif
Md Ami,4,2025-01-18 20:22:53,MDHASAN,Positif
bone Asis,4,2025-01-18 07:42:03,Kerenn,Positif
Agostinho pakau,1,2025-01-17 22:43:54,tiktok tidak bisa di lihat,Negatif
Luar biasa Haufenyo,5,2025-01-17 22:16:44,Fenyo kork,Positif
Maxim Max,5,2025-01-17 19:22:27,Please help my tiktok there is a bug can't turn off auto volume,Positif
Intan Madinah,3,2025-01-17 14:04:35,Knpa selalu keluar ketika membuka tiktok,Netral
Leo Boys2,1,2025-01-17 10:21:56,aplikasi ini ga bisa apa apa langsung saya uninstall,Negatif
Silver Pereira,1,2025-01-17 09:06:22,Mantop,Negatif
Joquin Faria,5,2025-01-16 14:27:50,titok sangat baik,Positif
Asma Derita,5,2025-01-16 14:24:28,Bagussssssssss,Positif
Bint Sulaiman,5,2025-01-16 12:22:35,Sangat bagus,Positif
Lay Yeverson,5,2025-01-16 04:55:42,Mantap selalu update informasi baru. Saran untuk debat agama sebaiknya diblokir,Positif
Javeed Khaskhali,5,2025-01-16 00:25:38,Zodiak iya,Positif
Shiza,5,2025-01-15 19:01:27,Bagus,Positif
Laila Sari,2,2025-01-14 20:00:18,Akun sya limit dh bbrpa minggu tolong donk,Negatif
Air Putih,5,2025-01-14 12:41:34,baik sekali,Positif
Yosfifae Ratu,4,2025-01-14 12:30:12,Bagus sekali aplikasinya,Positif
Alia Marwa,5,2025-01-13 21:17:38,Mantap,Positif
Marsela Masin,5,2025-01-13 09:47:16,Download tiktok,Positif
Nuna Yani,1,2025-01-13 09:26:22,"Saya benar-benar kecewa dengan aplikasi tik tok sekarang,,, tiba2 keluar sendiri lalu habis itu tidak bisa di buka lagi kalok tidak di hapus dan di instal ulang",Negatif
Flori Osorio,5,2025-01-13 05:45:03,Menghibur,Positif
Febilita Mendonca,5,2025-01-12 18:46:04,Puas sangat,Positif
Ahya Tullah,5,2025-01-12 09:42:28,Coba dulu,Positif
Yuzar Geger,5,2025-01-12 06:25:32,Good,Positif
Wiwin winarti Winarti,5,2025-01-12 02:25:56,Sangat ber hibur dan ber manpaat,Positif
Barry Allen,5,2025-01-11 21:23:18,ASIK BGTT,Positif
Juni Lopes,5,2025-01-11 06:32:08,"BERMANFAT,sekali bisa nonton bokep bisa nonton inanahuin bisa nonton het malu bisa nonton het fali mi nia aman bisa het oninan bisa semu bang inanahuin kuat oninan hau het latama mk ne het fali imi nia inan imi het malu tia..TRIMAKASI BUAT CEO YANG BUAT APK INI",Positif
Keki Keki,4,2025-01-11 01:51:16,Aaslm muaalikum selmt pagi maap in apkasinyh kurang baik iy..,Positif
Mira Andrade,5,2025-01-10 10:52:00,Ha HP laptop baru aja selesai semua yang mau ikut tapi kok masih bisa tertawa selama di rumah sakit jiwa seni iya sama aku mau ke bandung ya allah amin ya amin makasih juga buat gue berubah jadi apa yang kita bisa menjadi yang mau ikut ke bali aja nih anak muda dan melakukan hal itu mah buat elo mah toh dia mau coblos tapi masih cek di Indonesia sudah ada yang baru nih anak satu sama dia itu paling gengsi buat ngomong aku aja yang mau ikut tapi gue aja deh kalo ada orang tua aja ya kalo punya da,Positif
Indra Harianto,5,2025-01-10 03:01:25,Pejuang rupiah,Positif
Mengo Lemoja,5,2025-01-09 12:59:25,Tiktok kembali lagi,Positif
Aca Aca,1,2025-01-08 17:37:23,"Kenapa tiktok gue GK bisa nonton,trus ngeleg gitu gada internet ktnya,pdhl jaringan gue bagus semua aplikasi lancar,knpa cuma tiktok gue yg kagak bisaa,kgk bisa nonton ktnya gada internet,udah gue hapus 3 kali buat mastiin bisa,tapi tetep aja sama GK bisa""sampe rela""hapus akun gue yg udah bnyk followers nya njirr lah bangkee",Negatif
Sunjaya Sunjaya,5,2025-01-08 14:55:43,Good,Positif
Bangg Zull,5,2025-01-08 14:39:42,Bagus,Positif
Armain Marjan,5,2025-01-08 12:57:55,Sangat mudah dan menghibur,Positif
Soares Diaz,4,2025-01-07 23:16:58,Sagat bermanfat,Positif
siti aisyah,5,2025-01-07 22:58:13,good,Positif
Asep saprudin,5,2025-01-07 19:57:14,sangatmeywenangkan Dan membnggakan,Positif
Sartono,1,2025-01-07 18:52:28,B aja,Negatif
Manatuto Soares,5,2025-01-07 15:08:56,Aplikasi sangat bagus,Positif
Herawati,5,2025-01-07 12:35:28,Berbagai macam info ada disini dimulai,Positif
Oktober1026 Oktober,5,2025-01-06 23:34:52,Sangat memuaskan,Positif
Aripudin Aripudin,3,2025-01-06 20:41:53,Blum pernah makek,Netral
Oliver Hamba Ora,5,2025-01-06 19:04:23,Saya berharap followers saya di tiktok bisa bertambahğŸ–¤ğŸ–¤ğŸ¤,Positif
Ahdf Fecf,5,2025-01-06 18:40:04,Sangat,Positif
Graciet Da Silva,1,2025-01-06 17:16:39,Amen ğŸ™ğŸ™ğŸ˜‡ğŸ˜‡â¤â¤,Negatif
Mutmainnah Sukkur,5,2025-01-06 15:00:29,Sangat menghibur,Positif
Nurhallilah,5,2025-01-06 10:08:26,Semoga. Bisa sukses,Positif
Hendra,5,2025-01-05 22:51:06,Ok keren,Positif
Juwilson Saldanha,5,2025-01-05 21:46:44,Sangat baik,Positif
Cahyania Putri,4,2025-01-05 18:40:16,Aplikasi bagus,Positif
Jemicson Baros,5,2025-01-05 11:00:29,Bagusss,Positif
Rose Marry,3,2025-01-05 08:27:42,Sngat bgs,Netral
Nelcia Mardiana,5,2025-01-04 09:47:09,Bagus bangatt sihh untuk menghibur Hari-hari kita Tapi kenapa Punya aku sering kali keluar Mulu Padahall udah update,Positif
Antonio metan Metan,4,2025-01-03 16:31:15,09oon,Positif
Nelia Tilman,5,2025-01-03 13:28:19,Baguss bangat,Positif
Juvencio savio da costa Savio,1,2025-01-03 12:38:13,het o nia aman tiktok,Negatif
Basniah Fanis,1,2025-01-03 09:47:47,"aplikasi nya akhir akhir ini sering erorr, tolong segera diperbaiki",Negatif
Leonardo Marcal ximenes Leonardo,1,2025-01-03 08:09:44,Kenapa tida bisa instal dan kalo uda bisa kenapa tidak bisa menonton,Negatif
Nor,5,2025-01-02 22:41:07,Mantap,Positif
Roger,5,2025-01-02 19:02:39,Good i like it,Positif
dmzszz__,4,2025-01-02 18:46:17,"di kotak pesann,onlinenya jangan di delay minnn",Positif
Nanang Kosim,5,2025-01-02 14:11:51,sangat puas,Positif
shofia salsabila lubis,5,2025-01-02 13:49:20,bagussssssss,Positif
SANDRINA MATARA,1,2025-01-02 13:36:50,"Tiktok saya tiba-tiba tidak bisa menonton alasannya jaringan tidak tersedia padahal jaringan HP sya baik' saja, dan ada lagi katanya tiktok tidak tersedia di wilayah, maksudnya apa yah. Dan saya hapus untuk download tpi di pencarian saya aplikasi tiktok tidak tersedia",Negatif
Hbdvksbs,1,2025-01-02 12:49:39,Ingin cerdas tuk mendapapatkan uang,Negatif
B Wibi,5,2025-01-01 19:43:55,ini sangat bagusssssssss!!!!!!!!!!!!!!!!!!!!!!!!!!!!!!!!!!!!!!!!!!!!!!!!!!!!!!!!!!!!!!!!!!!!!!!!!!!!!!!!!!!!!!!!!!!!!!!!!!!!!!!!!!!!!!!!!!!!!!!!!!!!!!!!!!!!!!!!!!!!!!!!!!!!!!!!!!!!!!!!!!!!!!!!!!!!!!!!!!!!!!!!!!!!!!!!!!!!!!!!!!!!!!!!!!!!!!!!!!!!!!!!!!!!!!!!!!!!!!!!!!!!!!!!!!!!!!!!!!!!!!!!!!!!!!!!!!!!!!!!!!!!!!!!!!!!!!!!!!!!!!!!!!!!!!!!!!!!!!!!!!!!!!!!!!!!!!!!!!!!!! napa liat liat? org bneran bagus,Positif
Aseu 23 Seu,5,2025-01-01 16:39:13,Bagus,Positif
Gede Parwata,5,2025-01-01 15:57:49,Bagus,Positif
fitry Zen,5,2025-01-01 13:03:58,Kren,Positif
pantris saja,1,2025-01-01 12:52:23,apk kyk tahik,Negatif
king khalid Maxamed,5,2025-01-01 01:16:17,King khalid42,Positif
Erfan Setia,5,2024-12-31 22:42:55,sangat mendukung,Positif
Md Nahid,5,2024-12-31 18:16:34,getrtesit,Positif
Zulaeha 95,4,2024-12-31 17:54:22,Kok suka ngeleg sih,Positif
Annisa New,5,2024-12-31 08:40:17,Sangat bagussğŸ‘,Positif
Patima,5,2024-12-31 02:05:23,Lambat,Positif
Nene na Una,5,2024-12-30 21:03:32,Ok,Positif
Fore richya,5,2024-12-30 16:02:09,Good,Positif
Hadi Hadi,5,2024-12-29 21:47:17,Sangat bagus,Positif
Noor Aisah,5,2024-12-29 18:40:21,Good,Positif
Adany Pinto,5,2024-12-29 12:38:43,Baik,Positif
Oliul Khan,4,2024-12-29 10:32:22,Remove,Positif
Joao Caunan,5,2024-12-29 08:23:06,pemelajar,Positif
Agus Santos,5,2024-12-29 06:21:43,Good,Positif
sellia bagas,5,2024-12-29 05:34:50,bagus sekali kembangkan lagi,Positif
Julio Soares,2,2024-12-28 20:43:04,Tik Tok Ini Stabil Si Tapi Saia Posting Video Ga 100% Yang Tonton Suma 25% Saja Coba cek Dang Perbaiki Dulu Kaka Kalu Akun Sai Profisonal Saia Akan Bri Bintang 5,Negatif
Pujianti Wkuama,1,2024-12-28 11:14:37,"kenapa ya kok ketika saya masuk ke tik tok tiba tiba nge bug terus ,saya harap bisa segera di perbaiki plisss",Negatif
Duro Speed,5,2024-12-27 21:31:09,Bagus,Positif
Lenny Pribady,4,2024-12-27 21:10:43,"Maaf kasih bintang 4, sebenarnya tik tok aku gk ada masalah sblm di update, tp setelah di update knp ya suka keluar semdiri dan kadang gk bisa dibuka tiktoknya, hrs di hapus dl baru di download lg, dan itu sering bgt kaya gitu, gimana solusinya tentang tik tok saya terima kasih",Positif
Aldy Silva,5,2024-12-27 21:09:08,ğŸ¥°ğŸ˜œ,Positif
Enio Lopes,5,2024-12-27 15:30:38,Tik Tok,Positif
junior soares,4,2024-12-27 14:02:02,Mohon perbaiki life tidak bisa ini Mohon izinkan perbaiki semua,Positif
Zulmero Dorego,5,2024-12-27 05:59:03,TiFa,Positif
Gyvania Conques,5,2024-12-27 05:59:00,Menurut saya Tiktok bermanfaat bagi kita yang sedih dan tiktok bisa menghibur kita,Positif
asud sudirman,5,2024-12-27 03:32:26,Mantap,Positif
Susi Lawati,5,2024-12-27 03:08:58,Bagus sekali,Positif
Juliana Freitas,5,2024-12-26 18:36:42,Aplikasinya BAGUSSSS,Positif
Sirjana Pariyar,5,2024-12-26 16:36:32,Bipin,Positif
Mariano Gomes Dc,5,2024-12-26 13:01:38,Kenapa plastore saia tida visa download aplikasi,Positif
Kadiza Bibi kadiza,5,2024-12-26 12:27:20,nice,Positif
Usman Hakim,1,2024-12-26 12:22:12,Lemot,Negatif
dicky prananda,1,2024-12-26 07:50:08,Kenapa punya saya stak di logo tiktok terus?,Negatif
Ida Farida,5,2024-12-25 21:40:05,Lemon saat nonton live,Positif
Soima Da Graca,4,2024-12-25 18:25:20,Ronilsof,Positif
Jose Maria cepeda,1,2024-12-25 09:49:58,Kenapa aku tidak bisa instal tiktok?,Negatif
abdul holik,4,2024-12-24 17:51:12,Bagus asik buat hiburan,Positif
D Muh,5,2024-12-24 17:36:10,JAPAN,Positif
Xisto Moreira,5,2024-12-24 11:10:44,Aku mau tiktok ini lagi,Positif
Naldo Magno,5,2024-12-24 10:55:22,I like thisğŸ«¶,Positif
Sarah Karawang,5,2024-12-24 09:20:31,Menyenagkn,Positif
Basilio Martins,5,2024-12-24 09:11:43,Terbaik sangat menghibur ğŸ™,Positif
Mariano Gomes. Dc,5,2024-12-23 21:06:15,Tik tok saya download tida bisa kenapa,Positif
Yoga Prasetia,1,2024-12-23 16:07:44,Nggk muncul kernjang kuning,Negatif
Dewi Istanbul,5,2024-12-23 15:12:57,Bagus,Positif
Amancio Da Costa,5,2024-12-23 13:45:38,Bagus sekali,Positif
Adelina Guterres,4,2024-12-23 09:53:24,Tik tok ini membuat aku jadi suka,Positif
Akibul Bhai,5,2024-12-23 00:00:21,à¦£à¦›à¦¢ à¥¤ à¦°à§ à§à§à¦¯à¥¤ à§à§à¦°à¦¯à§ƒ à¦‹à¥¤à¥¤ à¦° à¦²à¥¤ à¦¥ à¦¥à¥¤ à¦¥à§à¥¤à¥¤ à¦¥à¥¤,Positif
Gcl Erapil,3,2024-12-22 21:39:35,Keren,Netral
Mâ€¢G sehan dulanjana,5,2024-12-22 18:08:21,â™ â™¥ Mâ€¢G sehan dulanjana â™ â™¥,Positif
Senar sayin,2,2024-12-22 03:37:46,Set,Negatif
dudeh Dudeh marjuki utun,1,2024-12-22 03:36:53,sangat sangat kecewa gx bisa masuk akun sendri pdahal udh masuk in tlp nya mlah frekuansi akun sering di kunjungi.sangat sangat kecewa tiktok skrg.saya jdi gx bisa masuk,Negatif
Domingos De jesus,2,2024-12-21 15:52:09,Tidak bisa instal di hpku,Negatif
Constantino Guterres,5,2024-12-21 15:04:20,Saya suka apps ini,Positif
Nur Widiyanto,5,2024-12-21 11:11:57,Peti harta karun tidak muncul,Positif
Asghar harandi,5,2024-12-21 04:17:11,Sangat bagus,Positif
Hisyam Sumadi,5,2024-12-20 20:24:24,bagus,Positif
Widya Pratiwi,1,2024-12-20 19:31:20,"Aplikasi semenjak update ga bs d buka,,hanya manteng d aplikasi awal hitam,,jd bikin hape lemot...tolong coba tik tok d perbaiki",Negatif
Filipe Alves,5,2024-12-20 13:43:35,Aku suka banget sama tiktok,Positif
Arsyi Sahrakinanti,1,2024-12-20 11:11:18,Knp sll engk bisa kluar efek nya di saat gbung live sm tmn2,Negatif
Celsia Mendes,5,2024-12-20 08:02:38,Tapasiaâ¤ï¸ğŸ’•,Positif
Alina Yukaris88,1,2024-12-19 21:18:10,Aplikasi bikin lemot HP,Negatif
Ali Murtadho,1,2024-12-19 17:36:45,Berbahaya,Negatif
Ceu Kokom,5,2024-12-19 05:29:28,Knp bnyk gangguan skrng tiktok itu muter,Positif
Abel Jeremias,5,2024-12-18 19:07:37,Terimakasih tiktok Selalu memberikan yang terbaik ğŸ˜ğŸ™,Positif
Ratu Billqis,1,2024-12-18 18:03:19,"Ngelag mulu anjng, bikin kesel, dah di download ulang tetep aja.",Negatif
Paulina Ximenes,5,2024-12-18 11:24:43,Okay,Positif
Taj Md,5,2024-12-18 10:37:49,Mamtaj,Positif
Enno Soares,5,2024-12-18 08:05:09,hmmm its okeu,Positif
Araoju Beduku,5,2024-12-18 00:39:19,Baik,Positif
Ù…Ø±ÙŠÙ…,5,2024-12-17 23:17:50,Bagus,Positif
Bunda Rita Thea,5,2024-12-17 22:04:17,Ok,Positif
Pengguna Google,5,2024-12-17 20:02:28,Keren,Positif
Mondi Copas,5,2024-12-17 19:47:35,Bagus sekali,Positif
Khayang Imam,1,2024-12-17 16:36:01,Aplikasi nya seru tapi sayang bikin hp lemot padahal penyimpanan masih luass.,Negatif
Puji Purwanti,3,2024-12-17 14:01:42,Kenapa aplikasi ini sering macet tdk bisa di buka.,Netral
Wilfrido Filistin,5,2024-12-17 06:06:12,Haiti,Positif
Fitria Laila,1,2024-12-17 05:12:39,Aplikasi sering ngebug ngga bisa dibuka,Negatif
Aiwina Ai,5,2024-12-17 00:20:24,Sangat bagus,Positif
Mia Aulia,5,2024-12-16 19:10:03,Bagus bngt aplikasinya smoga yng buat sukses slalu,Positif
Valentino G.Correia,4,2024-12-16 05:45:43,Bantu saya muncul koin,Positif
Mufrodi Amin,5,2024-12-16 02:54:15,Bersosialisasi yang menyenangkan,Positif
Samih Sardi,5,2024-12-15 21:41:15,Bagus,Positif
Nur Yanto,4,2024-12-15 19:13:29,"Kenapa saya tidak bisa merubah lokasi sekarang dimana saya tinggal yah? Mohon penjelasannya dong,,,?",Positif
adi setiawan,5,2024-12-15 15:04:31,Mantap,Positif
Ghina khalisa inayah,4,2024-12-15 13:21:46,Bagus,Positif
Ajipy Jhy,5,2024-12-15 09:17:57,Tik tok,Positif
Lessy Sapay,5,2024-12-15 01:56:20,Mantap,Positif
Abun de jesus,1,2024-12-14 18:31:36,ğŸ˜ğŸ˜˜ğŸ˜˜ğŸ˜˜,Negatif
Apeu Martinz,5,2024-12-14 10:01:05,Bagus,Positif
Jenilton Aparicio,5,2024-12-14 08:53:55,Zeto RMR,Positif
Ghy Pareira,2,2024-12-14 08:36:13,Aplikasi ini sangat bagus,Negatif
Henrina Xavier,5,2024-12-13 20:26:24,ğŸ¥°,Positif
Liliana Freitas,1,2024-12-13 12:55:52,Nice,Negatif
Xinenes Santos,5,2024-12-13 02:19:59,Terlalu bagus,Positif
helder Nuku,5,2024-12-12 22:23:46,Karna video nya Bagus,Positif
Busroni Efendi,5,2024-12-12 22:11:21,Lumayan enak danembantu,Positif
Linda Pudin,5,2024-12-12 15:15:19,Good,Positif
Surtiya Tiya,2,2024-12-12 12:10:04,ğ‘²ğ’†ğ’ğ’‚ğ’‘ğ’‚ ğ’‰ğ’“ğ’–ğ’” ğ’…ğ’ğ’˜ğ’ğ’ğ’ğ’… ğ’–ğ’ğ’‚ğ’ğ’ˆ ğ’•ğ’†ğ’“ğ’–ğ’” ğ’”ğ’†ğ’•ğ’Šğ’‚ğ’‘ ğ’ğ’‚ğ’– ğ’ƒğ’–ğ’Œğ’‚ ğ’‚ğ’‘ğ’ğ’Šğ’Œğ’‚ğ’”ğ’Š ğ’•ğ’Šğ’Œğ’•ğ’ğ’Œ ğ’Šğ’ğ’Š,Negatif
NaziaagustinaAlfaizia ZahraAldiyanhsheren,5,2024-12-12 08:56:33,Mengaktifkan,Positif
Miguel Amaral,1,2024-12-12 08:13:12,tiktok ini kenapa si orang instal ko ga bisa,Negatif
Marilena Amaral,5,2024-12-12 00:14:55,â¤ï¸,Positif
Md hasan Mia,1,2024-12-12 00:02:51,MDHASAN,Negatif
Sari11 Sr,5,2024-12-11 21:53:05,Mantap,Positif
Muhammad Latif,5,2024-12-11 19:36:30,Ok,Positif
mike suparnawati,1,2024-12-11 19:23:48,Napa skrg buka tiktok susah bgt .. Kdg cm keluar logo aja n kdg jg gk bisa dibuka pdhl udh sy tekan bolak balik gbr tiktok dihp sy .. Smpe kdg hrs sy hapus trs sy instal lg n bikin hp sy jg lemot,Negatif
Tricia Costa,3,2024-12-11 17:19:10,"Ini sangat bagus dan oke tapi kenapa akun saya bisa kena pelangaran kan saya tidak sala apa-apa ini harus di berbakih trus kenapa akun saya di blokir? Karna di batasih usia, kenapa akun teman teman saya gk di blokir trus mereka di bawah umur, jadi harus perbaiki dan sekali lagi saya mohon untuk di perbaikih. Pliss jangan pilih kasih kalo masih pilih kasih saya akan viralkan di sosmed biar semua tau.",Netral
Delon 0be,3,2024-12-11 13:58:53,Harus bisa,Netral
Annisa Dhini,3,2024-12-10 23:42:00,"Kenapa ya tiktok ku kalo buat foto gabisa disimpen? Biasanya bisa aja tuh, tolong dong",Netral
Fauzan Azmi,5,2024-12-10 20:11:47,Ngeleg,Positif
Joaninha Trindade,5,2024-12-10 19:09:43,Tiktok itu saran,Positif
Mr. TF,5,2024-12-10 18:29:48,ğŸ‘Œ,Positif
Winda Kholiyana,1,2024-12-10 17:33:28,Slalu ada tanda air,Negatif
najwa as'syifa,3,2024-12-10 14:04:55,kadang gak bisa dibuka kadang bisa,Netral
harini wulandari,3,2024-12-10 13:18:49,Udah lamaa pake tiktok tp kenapa ya akhir2 ini setiap buka tiktok mentok d logo aja . Jadi harus uninstall trus download ulang lagi baru bisa . Tp sering banget deh kaya gitu,Netral
Emilia Xavier Maia,5,2024-12-10 11:23:34,Kok kaik gini ya tiktok Sekaran aku uda apdet versi terparu tapi sat aku buat foto da video di tanda sinpan tu mala kaik gini =sinpan ke albun dengan tanda air =Postin ke Tik tok tanba tanda air Ihh buat kesal aja dulu tu klo kita sinban ngak ada tanda air sekarn harus aploy supaia tanda air hilan Tik tok ane sekaran ini ğŸ¤ŒğŸ»,Positif
martinn,5,2024-12-10 11:23:23,ØªØ´Ù…Ø³ÙˆØ«Ù… Ù…ÙŠØ©ÙŠÙ†ÙŠØ§Ø« Ù…ÙŠØ©Ø«Ø²Ø«ØªØ¨ Ù†Ø«Ø©Ø¨Ù†Ø¨Ù‚ Ù†ÙŠÙˆÙŠÙ…Ø¨Ù‚ Ù…Ø¨ÙˆØ¨Ø²Ø«Ø©Ø« Ù†ÙŠÙˆØ¨Ø²Ù‚ Ø«Ù†ÙŠØ©Ø«Ø² Ù…Ø¨ÙˆØ¨Ø²Ø«Ø©Ø« Ø¨Ù…ÙŠÙˆØ¨Ù†Ø« Ù…ÙŠØ§Ù†Ø« Ø¹Ù„Ù‰ Ø¨Ù†ØªÙŠ Ø«Ù†Ø«Ø§ØµÙ…Ø¶ Ù‚Ù…Ø«Ø©ÙŠÙ†Ø« Ù†Ø³Ø©Ø¨Ù‡Ø« Ù‚ÙŠÙ…Ø© Ù†Ø¨Ø¨ÙŠ Ù…ÙŠØªØ¨Ù†Ø«Ù†Øµ Ù†ÙŠØ©Ø¨Ù†Ø«Ø©Ø« Ù†Ø³ÙˆØ¨Ù†Ø«Ø®Øµ Ù†ÙƒØ³ÙˆÙ…ÙŠØ®Ø« Ù…Ù†Ø«ÙˆÙ†ÙŠÙŠØ²Ø«. Ù…Ø³Ø©Ø¨Ù†ÙŠÙˆØ«Ø²ØµÙˆÙŠ Ø«Ù…ÙŠÙˆÙŠÙ…Ø©Ø«Ù†Ù„ Ø¥Ù„Ù‰ Ù†Ø«ÙˆÙÙ…Ù„ Ø³Ù…ÙŠØ©Ø®Ø«ØªØ«Ù…Ø«Ø§Ø¨ØªÙŠÙ‡ÙŠ Ù†ÙŠØ©Ø¨Ù†Ø«Ø©Ø« Ù†ÙŠØªØ¨Ù†Ù‚ÙˆÙ‚ Ù†Ø¨Ø§Ù†ÙŠØ©Ù‚Ù…Ø¨ØªÙŠ Ù†Ø«Ø©Ø¨Ù†Ø©Ø¨Ù†Ù‚Ø©ÙÙ‡Ø¨ÙˆÙŠ Ù†Ù‚Ø©ÙÙ…Ù‚Ù†ÙŠØ²ÙŠÙˆÙ†Ù‚ Ø¨ Ù†Ø«Ø©Ù‚Ù†Ù‚Ùˆ ÙŠÙ†Ù‚Ø©Ù‚Ù†Ø©Ø¨Ù‡Ù‰Ø§Ø¨ Ù…Ø«ØªÙ‚ÙˆÙ…Ø«ØªÙ„ Ù†Ø«Ø©Ù‚Ù†ÙŠÙ‡ÙŠ Ù†Ø«Ø©Ù‚ØªØ«Ù†Ø©Ù‚ Ù†ÙŠØªØ¨Ù†Ù‚ÙˆÙ‚ Ù†ÙŠØ©Ø¨Ù†Ø«Ø©Ø« Ù†ØµØ©Ø«Ø©Ù‚Ù†Ù‚Ù‡ÙŠ Ø«Ù†Ø¨Ø©Ø«Ù†Ø« Ù†Ø¨Ø©Ø¨Ù†Ù‚Ù‡Ø«ÙˆÙŠÙ‡Øµ ØµÙ…Ø«Ø©Ø«Ù†Ù‚ Ù…ÙŠ Ø¹Ø² ÙˆØ¬Ù„ Ø£Ù† ÙŠØ­ÙØ¸ Ù…ØµØ± Ù…Ù† Ø®Ù„Ø§Ù„ Ù…Ø§ Ø³Ø¨Ù‚ Ù…Ù† Ø£Ù† ÙŠØ­ÙØ¸ ÙÙŠ Ù…ÙƒØ§Ù† Ø¢Ø®Ø± Ù‚Ø§Ù„ Ù„ÙŠ Ù„Ø§ ÙŠÙ…ÙƒÙ† Ù„Ø£Ø­Ø¯ Øº Ù…Ù† Ø¹Ù„Ù‰ Ø§Ù„Ù†Øª Ùˆ Ù…Ù† ğŸ¥°,Positif
Cefanyo Da cruz,5,2024-12-10 11:07:19,I Love TIKTOK,Positif
MD Omor Faruq,5,2024-12-09 21:06:21,Apps,Positif
Dias Ardiarini,3,2024-12-09 17:38:20,Di versi yg skrg saya tidak bisa di update tidak bisa untuk live streaming,Netral
Rna 28,5,2024-12-09 15:31:50,Mantab,Positif
gertrudes salgueiro,5,2024-12-09 12:08:41,Aplikasi tik tok aku udah daftar tik tok tapi gak bisa,Positif
Nur Azizah,3,2024-12-09 11:25:37,kenapa sekarang sering bug?? harus di unistall trs install ulang baru bisa. tolong diperbaiki lagi aplikasi ini ğŸ™ğŸ™ğŸ™,Netral
Ima Culada,5,2024-12-09 10:27:37,I LOVE TIKTOK,Positif
Shah Muhammad,5,2024-12-09 00:30:25,For you,Positif
Nurkholidin Nurkholidin,5,2024-12-08 21:40:59,Tiktok membuat aku lebih positif,Positif
BS NARUTO,1,2024-12-08 19:51:48,bugg ajjgg kontolll bisa gak di perbaiki bgentt banyak habis pakett aku anjgg tololll,Negatif
Unknown Name,1,2024-12-07 20:06:22,Aplikasi jelekkk nggak bisa dibuka nge blank stuck terus di logo!!!!,Negatif
Sekar Novita,2,2024-12-07 19:24:25,kenapa sekarang vt yang diambil gabisa disave dulu sebelum ke draft,Negatif
Gkj Lvxij,5,2024-12-07 16:05:53,6Ø¨Ù‡Ù†Ø­,Positif
Jhon Riski,5,2024-12-06 21:32:01,Jangan banyak iklan,Positif
kolel ahmad,1,2024-12-06 19:42:04,"Aplikasi buatan cina, tempat menghujat agama Islam, udah pantas di blokir dari Indonesia, aplikasi cina yg menghina Indonesia dengan menukarkan rupiah jadi koin yg gak ada harganya, aplikasi cina yg mengambil uang rupiah banyak tapi tidak bayar pajak, udah patut di blokir dari Indonesia, apk live game keluar sendiri",Negatif
Gibran Alfarizqi,3,2024-12-06 18:09:59,Bgus,Netral
Lanti Magno,1,2024-12-06 15:58:59,"Aku hanya ngak suka pada instalnya saja, lama.",Negatif
Ikun15 Martins,3,2024-12-06 15:02:49,Agostinha,Netral
Yasid,5,2024-12-06 13:25:56,"Aplikasi ini berguna bagi saya, saya dapat melihat live orang seperti teman saya, tapi ada kekurangan dikit mohon untuk mengdowlot agak di kurangin dikut MB nya",Positif
Epep â€œEpepâ€ Epep,5,2024-12-06 07:28:39,Tiktok emang bgus TPI akun tiktok ku engga ramai yg nonton tiktok gua,Positif
Syafiuna Muhammad,5,2024-12-06 07:25:51,Bagus sekali,Positif
Olandina Baptista,5,2024-12-06 06:41:01,Aplikasi nya bgus banget,Positif
Aida Comel,5,2024-12-06 03:33:18,Cool,Positif
Nigio Belo,4,2024-12-05 20:19:48,Bagus,Positif
Diva Juweita99,5,2024-12-05 18:59:59,Bintang' 5lah,Positif
Cahyono Yono,3,2024-12-05 18:32:52,Tiktok gak bisa di Download.,Netral
Xasan Cade,5,2024-12-05 14:18:00,xasan cade xasan cade,Positif
Yanti De jesus ydj,5,2024-12-05 09:26:19,ğŸ˜‚ğŸ˜‚ğŸ˜‚ğŸ˜‚ğŸ˜‚ğŸ˜‚ğŸ˜‚ğŸ¤£,Positif
Anita Redo,1,2024-12-05 07:56:52,susah,Negatif
Turub termos D333NI,3,2024-12-04 21:57:51,Kenapa saya tida bisa mendownload nya,Netral
Omar Kholidie,5,2024-12-04 19:15:34,Good,Positif
Pur Yanto 81,5,2024-12-04 05:04:40,Sangat menyukai tik tok,Positif
Nadia Citra kirana,1,2024-12-04 05:01:37,"susah dibuka cuma logo ajaa, hrus uninstal tiap hariii",Negatif
Dee Mauk,1,2024-12-04 00:37:23,buruk paraaah bikin lemot hp,Negatif
Matcho 2K,5,2024-12-03 21:32:20,SAYA GAVA DENGAN TIKTOK INI,Positif
Timor Leste,5,2024-12-03 20:09:32,Bagus sekali tiktok nya saya suka,Positif
Ally Simoes,5,2024-12-03 13:13:58,"Aku sangat suka ama aplikasi tiktok,karna aplikasi ini menhibur aku",Positif
M Najib,5,2024-12-03 12:29:08,Bagus,Positif
Rosita Ramos,5,2024-12-02 22:36:46,Sayat bagus sekali,Positif
Matar Ba,5,2024-12-02 20:20:19,Diarraye,Positif
Atinhu ximenes Ximenes,5,2024-12-02 18:52:15,Metan ERMERA,Positif
Aida Kasa,5,2024-12-02 05:28:41,Bagus sekali,Positif
Lisna Lisa,5,2024-12-01 22:10:34,Kenapa tiktok ini saya tidak bisa masuk apa ada yang blokir tiktok ini dari saya dan saya bingung sekali karena setiap saya masuk aqun tiktok ini selalu kembali d aplikasi mohon info nya donk,Positif
Tio,5,2024-12-01 21:27:20,Good,Positif
Basit Mumtaz,5,2024-12-01 19:12:40,Bagus sih aku punya banyak akun tiktok,Positif
Imal Goncalves,5,2024-12-01 17:35:19,Sangat bagus,Positif
Ishendri Zaidun Zaidun,5,2024-12-01 15:16:55,senang lihat orang senang hatinya,Positif
Anacleto Nascimento,2,2024-12-01 10:06:49,Kenapa saat saya ingin mendaftarkan akun tiktok saya selalu tidak bisa padahal dulu saya bisa mendaftar tapi malah di blokir tanpa keterangan sama sekali dan saya juga tidak bembuat pelangaran kok saya bisa di blokir dan sekarang saya sudah tidak bisa mendaftar lagi akun Saya ini gimana dan mohon maaf saya kasih reting nya gini,Negatif
Akram Mia,5,2024-12-01 03:23:12,ğŸ¥°ğŸ¥°ğŸ¥°ğŸ¥°ğŸ¥°ğŸ¥°,Positif
Nori Amaral,4,2024-11-30 23:34:39,Aplikasi yang bisa tau keadaan kita gimanağŸ˜Œ,Positif
He Sa,1,2024-11-30 07:18:28,Tiktok lemot dan cepat main blokir,Negatif
Asmawi Rantawi,5,2024-11-30 02:30:06,Sangat bagus Tapi Bagaimana caranya mengatasi saat kita nonton acara life di tik tok selalu lemot,Positif
Vieiras De Alrido,3,2024-11-30 01:40:54,"Aplikasi ini sangat membantu untuk pengetahuan dan menambah wawasan saya sangan suka aplikasi ini,ğŸ–¤",Netral
Daffa Maulana,1,2024-11-30 01:23:10,Tidak bermanfaat.,Negatif
Kang Cilok,1,2024-11-29 20:27:45,Kenapa jafi jelek apk nya suka keluar sendiri parah,Negatif
zia nafeeza Shaqeena,5,2024-11-29 16:25:01,Top,Positif
AnggianiBaun AnggiBaun,5,2024-11-29 15:58:25,Pengalaman Yang Saya Dapatkan Dari Tiktok Adalah Saya Bisa Melatih Tarian Saya,Positif
Romi Maha,1,2024-11-29 14:24:44,Ok,Negatif
Maria Luisa,4,2024-11-29 08:40:43,Iyah,Positif
Lis Dahlia,5,2024-11-29 07:30:38,Mantap lah,Positif
Helmi Prasetyo,5,2024-11-29 05:33:12,Bagus banget,Positif
Ahmad Fery,5,2024-11-29 03:40:51,Bagus,Positif
Endra Ocho,5,2024-11-27 15:23:18,Aplikasi ini sangat bagusğŸ‘,Positif
Eniu 77,5,2024-11-27 10:37:01,Ok bagus,Positif
Natos Santos,3,2024-11-27 10:07:10,ğŸ‘Œ,Netral
Joana Fraga Freitas,5,2024-11-26 21:48:01,Terbaik,Positif
Barros Barros,5,2024-11-26 21:13:12,Terbaik sekali,Positif
Nasiruddin Hridoy,5,2024-11-26 20:21:19,Impianku Allah tolong varil kan aku plz,Positif
Maemunah Muna,1,2024-11-26 15:48:09,"Kenapa,, tiktok sebsi banget",Negatif
Maspal,4,2024-11-25 22:29:43,EROR TERUS. TOLONG DI BANTU,Positif
Wulan Wulan,5,2024-11-25 16:20:11,Vvgpgp di sini adalah seorang yang tidak punya uang untuk para wanita yang tidak bisa di download di bawah ini,Positif
Simiao Gama,5,2024-11-25 13:42:30,Sangat bagusssğŸ¤©ğŸ¤©ğŸ‘ğŸ‘,Positif
Juliao Castro,4,2024-11-25 13:38:05,Sangat bagus,Positif
Barros Barreto Dania,5,2024-11-25 11:51:21,Aplikasi ini juga bermanfat ka kita Untuk belajar konten kreator Dan aku juga suka aplikasi ini,Positif
nailaalika alika,4,2024-11-25 01:38:57,Bagus,Positif
Tepizkan Laraqu,5,2024-11-25 00:52:40,ğ˜ğ˜°ğ˜°ğ˜¥,Positif
Vasco Borges,5,2024-11-24 23:10:33,Aplikasi ini saya suka karena dance nya yang unik,Positif
Aa Cecep,5,2024-11-24 15:16:10,Sru,Positif
Malim Diwa,5,2024-11-24 12:13:57,lambat,Positif
Robinton Da costa,5,2024-11-24 11:44:15,Masih yg terbaik,Positif
Fatiha Lab,5,2024-11-24 06:59:44,Fatah La L an,Positif
Loxzy4 JR,5,2024-11-23 23:51:40,Bgus,Positif
Ahyar Rosidi,5,2024-11-23 19:02:18,Saya suka dengan tiktok ini,Positif
emmy karina sebayang,5,2024-11-23 14:11:37,"Akun saya tida bisa nyimpen lagu sebagai favorite dan pencarian lagu seperti dibatasi, tp di akun baru bisağŸ¥´ğŸ¥´",Positif
Wiliam Da Costa Brito,5,2024-11-23 11:26:53,Saya suka tiktok,Positif
Francisco Simone Moiana,5,2024-11-22 18:08:44,aroni armando cintyre,Positif
Nurhikmah Abdul Rasyid,5,2024-11-22 09:58:13,Bagus,Positif
Ati Cahaya,2,2024-11-22 05:06:37,Kenapa tik tok ini Uda hbis di download tiba2 g bisa di buka,Negatif
Mira Mira,5,2024-11-21 23:20:33,Sangat menghibur dlm kesuntukan setelah aktifas,Positif
Nuraeny Nurah,5,2024-11-21 21:20:18,Aplikasi sangat bagus tapi sayang suka ngaco kenapa sy dibilang sedikit sedikit pelanggaran gak adil banget,Positif
Aisya putri Nabilla,5,2024-11-21 20:41:51,Sangat bagus,Positif
Rosalia Mambaris,5,2024-11-21 19:01:53,ğŸ˜ğŸ˜,Positif
Supri Yadi,5,2024-11-21 17:16:53,Aplikasi nya bagus ram rendah masih bisa pakai..,Positif
Abdul Latif,5,2024-11-21 16:08:47,Pokoknya top,Positif
Beatriz Amargo,5,2024-11-21 13:54:37,I like tik tok because tik tok is so fun and i don't like tik tok lite because we cant use capcut but tik tok can thats why i like tik tok i give tik tok 5 starsâœ¨ğŸ‘‘ğŸ¤—ğŸ’•ğŸ’–ğŸ’â¤ï¸ğŸ’ğŸ‘ŒğŸ»â­â­â­â­â­,Positif
Eca Marica,5,2024-11-21 13:33:43,Selalu mantap,Positif
Dalya Lya,5,2024-11-21 11:51:20,Apk ini sangat bagus tapi kadang kadang logo SV videonya itu hilag,Positif
Iwan Nuloh,5,2024-11-21 09:16:11,Sangat bagus,Positif
Cucu Sumiyati,5,2024-11-21 01:18:34,Semangat,Positif
Nasar Nasar,5,2024-11-20 23:26:14,Vithusan,Positif
Rafa El,1,2024-11-20 16:34:54,Apaaan sih nih Apk selalu lemot dan keluar sendiri ğŸ¤§,Negatif
FIDEL CAIRASA,5,2024-11-20 10:53:41,Expat passang tiktok,Positif
Incos Ahmad,3,2024-11-20 06:15:55,Bagusss,Netral
Nyimas Mariana,5,2024-11-20 04:05:05,Bagus,Positif
Gobang Lover,1,2024-11-19 23:00:28,"Tlg di perbaiki lagi tiktok sulit kebuka sekarang ini, mentok di logo tiktok aja, harus di uninstall lalu download lagi baru bisa",Negatif
jalli Alan,3,2024-11-18 23:53:56,bagus,Netral
Waheed Alli jatoi,1,2024-11-18 21:14:31,KATALJ taoi,Negatif
Mulyadi Sawali,5,2024-11-18 18:09:51,apus,Positif
NAZRIL ZHUlFHI,5,2024-11-18 18:09:26,ğŸ‘,Positif
Serry asih,5,2024-11-18 16:54:46,Bagus bgt dan menghibur ğŸ˜˜ğŸ˜˜,Positif
arbitzawapa arbit,2,2024-11-18 14:27:45,Arbit zawava,Negatif
Dapur Kita,5,2024-11-18 12:57:16,Keren,Positif
Levana Costa,5,2024-11-18 09:03:29,APLIKASIH INI SANGAT BAGUS saya udah coba Tapi bagus banget Saya suka dengan tiktok ini Kalo tiktok yang lain saya tidak Sukaa!! TIKTOK INI SANGAT Bagus namun saya boleh live kapan kapan aja makasih ya kalo tiktok lite saya gak suka trus gk ada live nya lagi saya suka dengan tiktok yang ini trimakasihğŸ™ğŸ˜ğŸ˜ğŸ˜,Positif
Alwan Pirmansah,3,2024-11-18 08:03:38,Bagus,Netral
Pengguna Google,1,2024-11-17 22:00:50,Bagus banget,Negatif
Yasir Khan,3,2024-11-17 21:51:56,Zanib NOOR .,Netral
Kedya T3akya,5,2024-11-17 21:41:26,Lansung kasi Bintang lima,Positif
Zubair Ali,1,2024-11-17 21:31:05,Zubair.ail,Negatif
Joanico Barros,5,2024-11-17 19:27:21,Tiktok aplikasi yang sangat menarik,Positif
Ikun zita,1,2024-11-17 18:16:18,Tolong kenapa saya tidak bisa menanyakan teman,Negatif
Duki Muhaimin,4,2024-11-17 17:21:01,Smga fyp trus,Positif
Talya Soares,5,2024-11-16 22:01:12,BAGUS,Positif
Rangga,5,2024-11-16 19:01:25,Sangat bagus,Positif
THALIA REGO,5,2024-11-16 10:58:09,Sangatt bagus dan nyaman di pakeğŸ‘ğŸ‘,Positif
Juje Mario Coa,4,2024-11-16 08:37:55,Tolong bantu follow TikTok saya,Positif
Ø£ÙˆÙƒØªÙŠÙ†Ø§ Ù…Ù‡Ø±Ø§Ù†ÙŠ,1,2024-11-16 07:46:30,I can't register or create a TikTok account... I've also tried using a VPN. It still doesn't work... What should I do? Should I delete the app or can TikTok help me?,Negatif
Agustin Afidah,2,2024-11-16 05:13:05,Buka aplikaainya lama Bikin hp lemottttttt,Negatif
Shania Sella,5,2024-11-15 21:54:36,Ok,Positif
Celeste Xavier,5,2024-11-15 15:35:24,feto mesak,Positif
Kamat Metahn,5,2024-11-15 13:33:17,Kamat Metan,Positif
MaxStrem Flix,5,2024-11-15 12:25:16,It's good for me because I can chat with friends and also make good videos. Yes of course I enjoy playing this ğŸ˜Š,Positif
Kazibwe Richards gonko,5,2024-11-15 03:25:15,Slow,Positif
Yeningsi Kaka,5,2024-11-14 07:46:06,apa ini yang bisa kita menghibur dan,Positif
Debby Ireni,5,2024-11-14 05:07:00,Terima kasih,Positif
muhamad alfath,1,2024-11-14 03:34:12,Jelek,Negatif
Azilda Barbosa,5,2024-11-13 17:10:17,Luar biasa,Positif
tagel puttra pettir,5,2024-11-13 01:26:27,Ok,Positif
Francisca Alves,2,2024-11-12 19:24:40,ğŸ¥°,Negatif
ferdy Aryanto,5,2024-11-12 16:27:21,"saya sangat suka dengan aplikasi ini, sangat memuaskan kan bagi setiap orang yg menggunakan aplikasi tersebut.",Positif
Adinda Putri tunggal,2,2024-11-12 11:30:07,"Apinya bikin hp ku lemot dari sinyal sampai apk yg lain,lebih baik apk yg dulu lebih bagus dan selalu ada Kata tindak ada tanggapan",Negatif
Janda Gemoy,5,2024-11-12 05:25:21,Bagus,Positif
Ø¹Ø²ÙŠØ²,4,2024-11-12 02:10:42,manaaa fitur live photo untuk androidnyaaaaaa,Positif
Aldin Vaz de Carvalho Soares,5,2024-11-11 17:32:41,Aplikasi ini memang sangat bagus tapi tolong perbaiki lah sedikit karena kalo aku cari vidio lain malah munculnya cwek gojetÂ²,Positif
Nika Bella,5,2024-11-11 14:18:26,Sungu saia sangat menukai Tiktok Karena kita bisa menonton dan kita bisa juga bisa menbantu Tiktok kita sendiri.,Positif
Ade masitoh F,4,2024-11-11 00:59:02,Sangat bagus tiktok ini,Positif
Mimi Hie,4,2024-11-10 22:36:05,good,Positif
Joanico Mendonca,5,2024-11-10 20:32:59,OK,Positif
Jose Soares,1,2024-11-10 14:48:43,Terbaik,Negatif
Marisa Carla A.S. Carvalho,5,2024-11-10 04:14:48,Good,Positif
Wa Wan,5,2024-11-10 00:11:02,Sangat nyaman,Positif
eris yusmita,5,2024-11-09 20:39:46,Baguss suka,Positif
Surya Surya,5,2024-11-09 14:57:32,Bayak teman,Positif
Kampung Nambo,5,2024-11-09 13:02:16,Ini bagus,Positif
Syakirah Azzahra,1,2024-11-09 12:12:48,menginstal nya lama.,Negatif
Rhinna Sadiyah,5,2024-11-09 07:24:30,"Sangat menghibur, tpi sayang tdak bisa mendapatkan cuan",Positif
Yudy Jemy,5,2024-11-09 01:52:40,Bagus banget,Positif
Nanda Costa,5,2024-11-08 19:19:07,Siap boss,Positif
Atino Suares,5,2024-11-08 14:15:35,Bagus,Positif
M. Reza Kurniawan,1,2024-11-08 14:12:22,Dubling update tiktok,Negatif
AGUIDA DE JESUS,1,2024-11-08 11:09:35,Dayah sukaa tiktok,Negatif
Nouna Nouna,5,2024-11-08 09:42:42,Saya suka sekali dengan Aplikasi ini krna sangat menghiburğŸ’—,Positif
Muhammad Darlis,5,2024-11-08 09:26:28,Amiin.,Positif
Jabbar Ch,5,2024-11-08 08:32:14,'Jabbar Ali,Positif
Made Budiarsa,5,2024-11-08 03:38:10,Sangat membantu,Positif
Benancio Lopes,2,2024-11-07 21:32:14,Benansyu,Negatif
Dian Se,5,2024-11-07 12:38:41,Good,Positif
Bagus Syahputro,5,2024-11-07 12:29:45,Ok,Positif
Wayan sinte,5,2024-11-07 11:26:05,Puas pokok nya.klw setiap upload video dibayar bahagia rasanya...,Positif
Vivit Sofiat,1,2024-11-07 06:12:16,Jelek harus intas terus,Negatif
Sudoro Radiyah,5,2024-11-07 02:01:35,Bagus nemen,Positif
Julio Vitoriano,5,2024-11-06 20:44:15,Sangat menbantu,Positif
Pedro DeJesus,5,2024-11-06 18:49:44,B.,Positif
Kader Jess,5,2024-11-05 23:21:10,TikTok memang bisa menghiburku,Positif
Mario Hoar,5,2024-11-05 13:56:13,bagus,Positif
kartika dewi,1,2024-11-05 00:27:28,Tiktok makin kesini makin kesana bikin kesal aplikasinya sekarang,Negatif
Hi Hi,5,2024-11-04 14:17:06,Sangat bagus,Positif
JeJe Varrella,5,2024-11-04 12:19:22,Good,Positif
Eming Pereira Ataide,5,2024-11-03 22:55:04,Saya sangat senang dengan aplikasi ini ğŸ¤­ğŸ¤­,Positif
Agos Hattu,2,2024-11-03 18:50:54,tik tok,Negatif
Bambang Winarto,5,2024-11-03 17:20:22,Tidak punya,Positif
Ayang Aulia,5,2024-11-03 13:35:49,Bagus dan vidio lucu,Positif
Marito Alves,5,2024-11-02 22:09:31,Bagus,Positif
Ogi Martins,1,2024-11-02 14:34:20,Bagus,Negatif
Sebastiao Soares,5,2024-11-02 14:16:48,Kerja tukan las dan mikanik mesin,Positif
Fernandu Santos,5,2024-11-02 07:33:50,Tidak relawan,Positif
Samsul Ma'arif,4,2024-11-02 05:43:52,Sangat memuaskan,Positif
Budi Fadhillah,5,2024-11-01 21:37:07,Bagus aplikasinya,Positif
Ali 777,5,2024-11-01 21:18:53,What Vario,Positif
Revan _,5,2024-11-01 15:18:24,Bisa komen fotoğŸ—¿,Positif
PECINTA FILM,5,2024-11-01 01:33:56,Seru poll,Positif
Bonifacio Godinho,5,2024-10-31 21:36:47,Sangat bagus,Positif
Adel Nalle,1,2024-10-31 20:35:20,Tiktok jaringan tidak stabil,Negatif
Abdul Malik,2,2024-10-31 19:00:55,Bagus,Negatif
Taimali Gunilabe,2,2024-10-31 14:43:31,Atai,Negatif
Rini Oktaviany,5,2024-10-31 10:04:22,Good,Positif
Deni Bae,5,2024-10-31 05:56:37,Good,Positif
Windy Wulandari,3,2024-10-31 00:31:47,Knapa tiktok gk bisa nonton live,Netral
Daniel mayhadli Sebayang,5,2024-10-30 19:02:45,Bagus.....bersyukur ada aplikasi medsos seperti ini.....mantapğŸ‘,Positif
Sabino Soares,5,2024-10-30 18:37:52,Saya telah download aplikasi ini tapi templatenya anggaK muncul tolong perbaikiğŸ™ğŸ™,Positif
Octavio Goncalves,5,2024-10-29 19:26:05,tavio,Positif
Daniel Soares,5,2024-10-29 18:19:19,Menghibur ğŸ˜»ğŸŠğŸˆğŸ­,Positif
Kusbiasih Asih,5,2024-10-29 18:10:02,Sangat bagus dan menarik suka dan sangat membantu.,Positif
Bahiya Kedy,5,2024-10-29 15:53:43,Bagus banget gilaaak seruuu cuy,Positif
Celestina Peao da Silva,5,2024-10-29 06:27:36,Bagus,Positif
Md Miraj,5,2024-10-28 10:50:50,Good,Positif
Muhammad Azwanto,1,2024-10-27 12:03:08,Emang babi padahal akun baru aku buat tapi tidak bisa mengikuti penguna yang lain bukan hanya aku yang mengalami ini,Negatif
francisco delio,2,2024-10-27 11:52:16,ğ‘ºğ’‚ğ’šğ’‚ ğ’•ğ’Šğ’…ğ’‚ğ’Œ ğ’ƒğ’Šğ’”ğ’‚ğ’‰ ğ’ğ’Šğ’—ğ’† ğ’…ğ’Š ğ’•ğ’Šğ’Œğ’•ğ’ğ’Œ,Negatif
Satur Nino,1,2024-10-27 08:12:35,Lama lpadingnya Njierrr ğŸ™„,Negatif
Letisia Letisia,5,2024-10-27 08:01:35,Letisia soares,Positif
Dalim Jaya,5,2024-10-26 02:18:30,Mantap,Positif
Aris Prizaldy,5,2024-10-26 01:26:29,Sukses selalu,Positif
Nabilla Karawang,5,2024-10-25 21:56:58,bguss,Positif
Nur Hayate,5,2024-10-25 19:35:23,Good,Positif
Sanisa Sanisa,5,2024-10-25 18:29:30,Oke,Positif
Lourenco Raimoniz,5,2024-10-25 14:48:31,Aplikasi nia sanga mengesankan Ga niesal uda donlowod,Positif
Gonca Imal,5,2024-10-25 09:54:49,sangat baik,Positif
Fai Sal,5,2024-10-25 09:49:34,Faosal Hosting,Positif
Jeni Nurjiah,5,2024-10-24 19:25:47,kerennnn,Positif
Muhammad Reza,1,2024-10-24 18:52:23,"Aplikasi ini sekarang membuat saya tidak nyaman, setiap buka tiktok selalu berhenti di logo saja, lalu hp saya jadi lemot. Padahal ram 6gb internal 128gb space masih kosong banyak. Saya mengira awalnya hp saya rusak, ternyata aplikasi ini yg buat hp saya rusak",Negatif
Sehlin Rumuar,5,2024-10-24 08:02:54,Bagus,Positif
Sufaiyn Zab,5,2024-10-23 23:33:30,Sufiyan Shaikh,Positif
Ahmad Jaelani,5,2024-10-23 20:48:15,Ok,Positif
Marco soares,5,2024-10-23 18:58:59,"Bermanfaat SEKALI, coba seandainya vidio yg sudah di upload oleh kita ngga banyak penonton juga dibayar. Artinya kita juga bisa giat2 mengupload sekaligus belajar dari konten kreator lain. TERIMAKASIH",Positif
Rey Naldi,4,2024-10-23 18:24:33,Kenapa tiktok saya. Sering tidak bisa di buka aplikasi tiktok. Selalu saya hapus dan download lagi. Kalau live. Ad pembritauan bahwa penonton di batasi. Tolong yg tau info nya. Kendala dimna?,Positif
Alisa Bela,5,2024-10-23 18:03:11,Bgus sosial media hiburan yang komplit,Positif
Rooney Athok93,5,2024-10-23 14:54:12,âœŒâœŒâœŒğŸ‘ğŸ‘ğŸ‘ğŸ‘ğŸ‘ğŸ‘ğŸ‘ŒğŸ‘Œgood,Positif
Kifayat Ahah,1,2024-10-23 13:22:44,Sullman,Negatif
anwar saidatul10,5,2024-10-23 09:33:06,mmbantu,Positif
Andre delvian Delvian Nugroho,1,2024-10-22 22:45:42,aplikasi nya lemot banget dasar lho anjiiiingg,Negatif
Sharma Official,2,2024-10-22 22:20:04,Mohon tiktok ku diupgrade karena masih versi lama terimakasih,Negatif
Petrus Oecusi,5,2024-10-22 19:09:47,Petu,Positif
Jasimah Jasimah,5,2024-10-22 17:08:18,Luar biasa,Positif
Mohamad rian Setiawan,5,2024-10-22 09:16:31,Sangat bagus buat nonton video pendek,Positif
Tom Ktm,5,2024-10-22 05:54:16,Very good,Positif
Jinizarianapinto ibalai,5,2024-10-21 21:23:08,Sangat bermamfaat,Positif
Elisa Maia,1,2024-10-21 14:01:27,Tidak terlalubagus,Negatif
Graciano Baptista,3,2024-10-21 11:17:31,sangat suka tapi saat membuka loadingnya lama.,Netral
Anak Rantau,5,2024-10-21 10:19:04,Terimakasih,Positif
Silvia Sherly,3,2024-10-20 22:08:08,Kenapa setiap kali aku suka moan di draft videoku. Rencana mau ngedit.. malah nggak bisa... ğŸ˜’,Netral
zy barreto,5,2024-10-20 17:26:36,Hahahahahahah,Positif
Robiullamin Shuvo,3,2024-10-20 12:18:11,à¦†à¦ªà¦¨à¦¿à¦¯à§‡à¦†à¦®à¦¾à¦°à¦à¦‡,Netral
Algafar Fatih,3,2024-10-20 02:01:06,"Karena tidak memuaskan selain sering update suka tiba"" keluarkan diri dan minta di pulihkan kaya orang sakit aja minta berobat...",Netral
Titha1 Thita2,3,2024-10-19 18:41:46,Aplikasi ya udah donwlot tapi gabisa masuk,Netral
Putri Indah,5,2024-10-19 18:25:33,Sanngat bgus....,Positif
Bebora Psht,3,2024-10-19 08:01:28,Asa yfan,Netral
Carrolino Da Silva maya,5,2024-10-18 20:08:15,Very nice,Positif
Arifin Sipayung,5,2024-10-18 17:04:22,Mantap banget,Positif
Md Tanvir,5,2024-10-18 17:03:07,Raikb,Positif
Reza Aditya,5,2024-10-18 13:04:00,"Saya kasih bintang 5 karena aplikasi TikTok ini sangat memuaskan,dan sangat menghibur",Positif
Jhon Bosco,5,2024-10-18 11:52:11,Terima kasi untuk app ne saya suka,Positif
Jenoveva Tavares,2,2024-10-18 11:19:46,Mengapa akun saya di blokir,Negatif
Paul Alis,5,2024-10-18 08:51:34,Paulalis,Positif
jose dacosta,1,2024-10-18 07:27:29,Aplikasi ini juga bisa digunakan sebagai bahan,Negatif
yanti wahyuudin,5,2024-10-17 22:57:08,Good i like,Positif
yeni nuraeni,5,2024-10-17 22:27:48,Seneng dpat rejeki Alhamdulillah dengan nonton vidio,Positif
Safar Taher,5,2024-10-17 19:36:04,Very good,Positif
robi bramantio,5,2024-10-17 17:26:35,Verry good bagus kerja bagus,Positif
Sandrih Doank,5,2024-10-17 14:49:25,"Sangat menyenangkan bisa berkenalan dan memperbanyak teman,dan dapan uang sampingan",Positif
Sria Sri,5,2024-10-17 11:10:17,Suks,Positif
Raden kumandang suoro,5,2024-10-17 11:02:16,Cocok untuk hiburan pas lagi gabut,Positif
Cecilia De Sousa,5,2024-10-17 10:55:42,Even,Positif
Bila Raja,3,2024-10-16 16:03:21,ğŸ•‹ğŸ•Œ,Netral
Momi Aya,5,2024-10-16 02:50:57,Good,Positif
Triyanto T,5,2024-10-15 22:22:17,Ok,Positif
R Tilman Viegas Martins,4,2024-10-15 18:42:46,"Tolong di akun saya tidak bisa semua orang,dari Komentar juga gk bisa tolong diperbaikiğŸ™ğŸ½ğŸ™ğŸ½",Positif
Ikun Matai,5,2024-10-15 18:31:41,Jessy matai,Positif
GRIFARIO,5,2024-10-15 18:06:04,Grifario kehi,Positif
Nelsia Yolanda Mendonca,5,2024-10-14 19:47:21,Terbaik until tonton Dan bagus tapi Installe nya lama,Positif
Maria Urquiza,1,2024-10-14 02:53:44,ÃœÃ§ ki,Negatif
Simpliciobarreto Ximenes,5,2024-10-13 23:53:25,Teristal,Positif
Mohammad Fani Kurniawan,1,2024-10-13 12:53:11,"Sudah mengajukan keluhan kepada pihak Customer Service bahwa fitur live game pada akun saya tidak tersedia dan hanya ada fitur live biasa, tapi tidak ada tindakan maupun jawaban selama lebih dari 2 hari",Negatif
Siti Kamilah,5,2024-10-13 00:12:52,Bguss sekali,Positif
Richard Malonda,1,2024-10-12 19:39:05,"update yang berlangsung sangat lama, apalagi buka aplikasinya, sangat berat karena menguras ram padahal ram saya 3gb. Sungguh menjengkelkan..",Negatif
Mateus ximenes Mateus,1,2024-10-12 13:46:06,Fbg.,Negatif
Siha Elfad,5,2024-10-12 12:46:13,ğŸ‘ğŸ‘ğŸ‘,Positif
Maulana Odeks my,5,2024-10-12 02:24:29,Bisa di buka tiktok,Positif
Momdhea Dhea,4,2024-10-11 15:17:31,ğŸ‘ğŸ‘,Positif
Sanmorje Ati,5,2024-10-11 07:43:02,Apk Nia Bgs,Positif
Nandang,5,2024-10-10 22:20:59,Yg pasti tiktok itu....untuk hiburan & business...good's,Positif
Putri Tunggal,5,2024-10-10 18:41:30,Ok,Positif
Novi Wulan dari Ninggsih,2,2024-10-10 08:20:14,Pihak tik tok yang terhormat saya minta tolong Mohon di perbaiki lagi dengan konsisten.,Negatif
Chito Tatto,5,2024-10-09 23:11:17,Sangat bagus,Positif
Rosalinda Jouxha,3,2024-10-09 21:47:07,Tiktok bagus untuk hiburan tpi.update trus tiap hari sya kasih bintang 3,Netral
Tar Yadi,4,2024-10-09 19:41:18,D tiktok lite uda 2k tapi belum bisa liat live akun lain. Kenapa ya. Jadi tiktok lite saya hapus. Jadi saya dounwlod aplikasi tiktok lain cuma engga bisa d instal kenapa ya?,Positif
artika jember,2,2024-10-09 16:46:36,aq suka tik tok tapi sekarang tik tok susah gk bisa di perbaharui.,Negatif
atiyah atiyah,5,2024-10-09 07:56:16,5 Bn,Positif
Alwi Fera,5,2024-10-08 21:09:21,Mantap tik tok cuman banyak yang gak jelas,Positif
Muhammad umar Umar,5,2024-10-08 19:46:29,saya mamu puya pacar,Positif
Bonifasio Afito,5,2024-10-08 18:31:26,Bagus lah,Positif
Imas Mastariya,5,2024-10-08 14:30:38,Alhamdulilah sih Ada nya tik tok bisa membantu mengobati rindu ku yg lagi cari rejeki di negri onta Makasih tik tok ğŸ˜˜ğŸ¥°ğŸ¥°ğŸ¥°,Positif
Dhofan Anjos,5,2024-10-08 14:21:33,Bagus,Positif
Tanifa Dos Santos,5,2024-10-08 13:07:10,Kenapa flowers saya udah 1000 tapi tidak bisa melakukan live coba perbaiki yaaağŸ—¿,Positif
Ø§ÙˆÙ‚Ø´,5,2024-10-08 11:53:43,Bagus,Positif
Hary Anggara,1,2024-10-07 21:53:50,"Ini tiktok tiap hari di update, gila",Negatif
Dini Nur rizki,5,2024-10-07 16:30:47,Mantap bagussss,Positif
Vio Indo,4,2024-10-07 16:01:50,Sangat menghibur,Positif
Jiniizariana pinto,5,2024-10-07 14:21:42,Sangat membantu terima kasihğŸ˜ŠğŸ¤—,Positif
lukman Nae,5,2024-10-07 12:17:38,Tidak bisa mendonlod nya,Positif
Afing XymeneZ,5,2024-10-07 11:14:57,Simpan,Positif
Noonick Mellyanty,5,2024-10-07 02:02:04,Jos,Positif
Alap alap,4,2024-10-06 21:49:48,Ok,Positif
Anser Shak,5,2024-10-06 19:10:37,Kokjk .,Positif
Taqiyuddin Al Hadid Zulkarnaen,1,2024-10-06 14:07:49,ini knp di play store ada 2 tiktok? (bukan tiktok lite),Negatif
Ricky Walker Nasution,5,2024-10-04 22:42:15,Tiktok duplikat memang oke ğŸ‘ğŸ‘ğŸ‘,Positif
Aprilia Talita,5,2024-10-04 19:27:55,Nice,Positif
HonÃ³rio de Jesus,3,2024-10-04 18:19:57,Saya suka sekali Tik Tok bisa hibur saya,Netral
Nur Purwa,5,2024-10-04 18:09:28,aaaaaaaalos,Positif
Nivia Sonny Sonny,5,2024-10-04 17:05:34,Aku kasi Lima bintang karna bagus dan bermanfaat ğŸ‘ğŸ˜…ğŸ«´,Positif
Milah Aja,5,2024-10-04 09:29:25,Bagus,Positif
Enrique Prospero Bautista,5,2024-10-04 02:41:03,ğŸƒ,Positif
Reynal Krisdelindo,5,2024-10-03 23:57:25,I Like This,Positif
Dandi Daeng mapato,5,2024-10-03 23:32:47,Sangat bagus,Positif
Salamah 1,3,2024-10-03 19:37:23,Kenapa tiktok jadi gak bisa posting ulang,Netral
Aisyah Ahmad,5,2024-10-03 17:00:20,Saya sangat senang punya aplikasi tiktok,Positif
Febia Silva,5,2024-10-03 15:53:42,Aplikasi ini sangat bagus ğŸ‘ğŸ‘ğŸ’—,Positif
Muhammad Febri,1,2024-10-03 15:04:31,aplikasi banyak bug,Negatif
Caitlin Freeman,4,2024-10-03 14:17:49,kurang bagus sih ğŸ˜,Positif
Nuncio Dacosta Narias,1,2024-10-03 10:17:29,Aku suka tiktok,Negatif
Md SUPARNA,5,2024-10-03 09:09:11,Perangkat bintang anda.,Positif
Lukman Hakim,5,2024-10-03 01:18:58,Oke deh,Positif
Nur Madijaya,1,2024-10-02 21:02:32,Ajay Da Costa,Negatif
Tania da costa Tania ximenes,1,2024-10-02 04:06:00,Thanya,Negatif
Lilik Siswanto,4,2024-10-01 23:32:08,Bagus tp banyak informasi hoax,Positif
Edit Kreator,1,2024-10-01 18:01:27,"Aplikasi gk ada gunanya,bikin HP lemot dan cpt rusak HP nya,jgn didownload, donlod yg lite aja yg versi ini bikin hp ngebleng",Negatif
DEWI FORTUNA,2,2024-10-01 11:59:06,Di negara OMAN g bisa di buka tiktok y,Negatif
Noki Tilman,5,2024-10-01 08:24:24,aku suka,Positif
25Mariano Ribeiro,5,2024-10-01 07:58:27,Matap,Positif
Nata Ndud,5,2024-09-30 23:34:37,Mantap,Positif
Khalil Khalil,4,2024-09-30 19:22:31,Ø§.Ø·Ø§Ù„ÙŠ,Positif
Tilman Silva,5,2024-09-30 15:16:06,aplikasi ini bagus,Positif
Tesha Febrini,2,2024-09-30 09:27:52,"Mohon jangan di hapus draf kami, jika kami uninstal dan di instal lagi",Negatif
Vacu Malay,5,2024-09-29 22:28:58,Adinu Rema077,Positif
Reno Reno,5,2024-09-29 17:19:31,Bagus,Positif
Safa Afiya,3,2024-09-29 15:05:46,kenapa kalo simpan foto harus ada watermark nya sih,Netral
Nanchyo Lopes,5,2024-09-29 14:13:39,Bagus,Positif
teuku elfian,5,2024-09-29 12:32:01,Penggunaan mudah mantabs,Positif
this kia,1,2024-09-29 12:15:28,"aplikasi yang sangat buruk, tidak ada api padahal sudah chattan selama lebih 3 hari.",Negatif
Eliana Putriani,5,2024-09-29 11:47:38,Bagu Alhamdulillah lancar,Positif
Adriano Fernandes,5,2024-09-29 06:53:29,5 ğŸ«¡,Positif
Ziva Mali,5,2024-09-29 06:11:51,Sangat baguss,Positif
Wahyu Firdiyansyah,1,2024-09-29 05:16:07,Aplikasi super duper lemott. Ram sering penuh sendiri .padahal sisa ram 3 gb lebih tapi waktu buka tiktok ram langsung habiss tinggal 200 mb,Negatif
Nelia Maria,3,2024-09-29 05:13:29,Alina,Netral
Hercia Costa,2,2024-09-28 13:22:51,Bgsa,Negatif
Puti Fathia hanoon,2,2024-09-28 13:11:17,api aku ngga nyala padahal udah 3 hari chatan,Negatif
Mustofa Tofa,5,2024-09-28 03:28:33,Ok,Positif
Elia Goncalves,5,2024-09-27 20:16:53,Elia gon,Positif
Tuti bt Wihadi cakra,1,2024-09-27 10:45:31,Aku Mau account pertamaku kembali,Negatif
Andi Esty,5,2024-09-27 08:14:49,bagus,Positif
Yanti Nabila,5,2024-09-26 21:54:12,Terhibur,Positif
yusran Nur,5,2024-09-26 20:39:46,bagus sekali,Positif
Wai Wainem,5,2024-09-26 16:40:56,Sangat bagus,Positif
Eko Prio Prasetyo,5,2024-09-26 14:00:07,Ok,Positif
linda rafa,1,2024-09-26 10:08:36,Sangat buruk udah di perbaharui satu minggu mental lagi ğŸ¤¬ğŸ¤¬,Negatif
Adida Costa,5,2024-09-26 09:34:05,Bagus,Positif
Dihya Muhammad,5,2024-09-26 08:20:48,Bagus,Positif
Suhendar Hendar,5,2024-09-26 00:12:44,Mantap,Positif
Klenio Leong,5,2024-09-25 21:55:12,Tiktok ini itu bagus sekali karna orangsemua bisa dapat premium tiktokğŸ¤©,Positif
Rytwo Rodrigues,5,2024-09-25 19:49:47,Sangat bagus dan nyaman dalam bermain media sosial yang satu ini. Puas banget..,Positif
Pengguna Google,3,2024-09-25 17:52:54,"Makin jelek fitur ""hapus semua"" di riwayat tontonan/apapun itu ga ada? Capekk min ngapus satu satu",Netral
Rania Bawel,5,2024-09-25 11:01:45,Kenapa tidak bisa to up lewat allikssi,Positif
Fajar Surya,5,2024-09-24 23:08:40,ğŸ‘,Positif
Ghina Nurzahra,1,2024-09-24 20:44:07,"ga bisa login kocak,serverlu stres",Negatif
Ason Zhya,4,2024-09-24 12:37:49,Aplikasi ini sangat bagus sekali.,Positif
Ernakusumawati Basuki,5,2024-09-23 17:15:40,Bagus banget,Positif
Syahrul Alam,4,2024-09-23 14:21:26,Alwi 3B,Positif
Mario Jida,5,2024-09-22 22:14:14,Baik,Positif
Maria Imaculada,5,2024-09-22 09:18:00,Sangat bagus terima kasih,Positif
Ma Ti,5,2024-09-22 08:10:30,Ok,Positif
Any Dahlanpune,5,2024-09-22 03:08:34,Kerennya,Positif
Irfan Yusuf,5,2024-09-21 21:25:50,Aplikasi ini sangat berguna ğŸ‘,Positif
Novia Barreto Ferreira,5,2024-09-21 14:22:05,Aplikasi nya bagus banget saya sangat sukağŸ‘ğŸ‘,Positif
Jacob Maria,5,2024-09-21 05:33:04,Aku suka suka,Positif
Faeyza Al Fathan,5,2024-09-21 01:24:31,The best,Positif
Rita Rita,5,2024-09-20 23:47:23,Aplikasi aku se hapus,Positif
M irwan maulana Irwan,5,2024-09-20 21:06:05,Bagus,Positif
yunus zakaria,5,2024-09-20 19:37:27,Oke bagus seru hiburan,Positif
Aisyah Awashi,4,2024-09-20 11:43:37,Good TikTok can make us happy and can increase our ties with many people ğŸ«°,Positif
Dd Vf,5,2024-09-20 11:42:30,Sunmoon,Positif
Syakirana Aja,5,2024-09-19 18:06:19,Bermanfaat,Positif
à¦—à¦•à§à¦² à¦¬à¦¿à¦¶à§à¦¬à¦¾à¦¸,1,2024-09-19 17:38:20,à¦—à¦•à§à¦² à¦¨à¦®,Negatif
Ana Maria Xavier,5,2024-09-19 14:05:40,Tiktok seruh,Positif
Dany Mitako,1,2024-09-19 12:31:35,Sering error,Negatif
Hariadi Firmansyah,5,2024-09-18 21:54:07,Oke,Positif
uman saja,3,2024-09-18 20:57:10,Gara gara ngelag hp langsung error meski buka batre baru normal ...untuk hp Ram 3 ..tiktok terasa berat APK nya,Netral
Ravi Arnan Irianto,1,2024-09-18 19:09:45,Buriq,Negatif
Sri Lampir,1,2024-09-18 14:14:01,"Tiktok sekrng jelek kurang bagus udh ngk bisa di buka kalau di buka CMN logo tiktok yg kluar hitam trus,,,masa biar normal lagi harus apus aplikasi trus download ulang sih tolong di perbaiki aplikasi tiktokx",Negatif
Damiao Gerson Freitas,5,2024-09-18 11:02:29,ğŸ™ğŸ»,Positif
ELI SITI KHODIJAG,3,2024-09-18 02:17:48,"Tiktok bagus buat hiburan, tapi Tiktok saya sering GK bisa d buka d download lg "" sering kaya gtu ini dh kesekian x nya...gmn sich GK pernah anteng ?!",Netral
Ipey 173 173,5,2024-09-17 23:45:46,Nice,Positif
Samot Pratama,4,2024-09-17 22:19:17,Sangat bagus sekali aplikasi ini,Positif
David New,5,2024-09-17 20:49:10,"Jos,,",Positif
Sandi nya,5,2024-09-17 20:27:27,Ok,Positif
Muhamad Awalludin,5,2024-09-17 16:46:19,HADITS BUDI LUHUR PEGANGAN MENUJU TENTERAM,Positif
Indah Yani,5,2024-09-16 22:53:05,Sangat menguntungkan dan banyak temen,Positif
ferdy moco,4,2024-09-16 20:33:11,Bagus,Positif
Muhammad Sakdi,5,2024-09-16 13:04:10,Bisa,Positif
Jaimitu Caunan,3,2024-09-15 09:22:49,ğŸ˜,Netral
Shyova Baptista,4,2024-09-15 05:59:07,Apk nx bagus sekali,Positif
Budi Santoso,4,2024-09-15 01:25:44,Bagus kita ikut mengetahui berita dr dalam negeri maupun manca negara.. Lanjutkan,Positif
Ruben Alves,5,2024-09-14 23:32:00,Ruben Q,Positif
Riska fika Ferry alma,4,2024-09-14 21:57:08,Ok,Positif
Sonia da Costa Alves,5,2024-09-14 18:19:21,Intinya aja deh,Positif
Aang Kurniawan,5,2024-09-14 16:09:16,Baik sekali,Positif
Endro Rustanto,5,2024-09-13 18:53:58,Good,Positif
fortune deniM,5,2024-09-13 18:22:40,"tiktok is The REAL best social media; ""ğŸ‘ğŸ¼ğŸ‘ğŸ¼NUMBERO UNOğŸ‘ğŸ¼ğŸ‘ğŸ¼"" because now in my country ""no VIRAL no JUSTICE""",Positif
Mou Geby,5,2024-09-13 10:11:07,Tik tok,Positif
Maria Cristelia,5,2024-09-13 09:46:49,Baik,Positif
Abi wira noer,5,2024-09-13 08:48:01,aplikasi yg sangat bagus,Positif
Feri Gaming tkd,5,2024-09-13 00:59:59,Keren,Positif
Ari Jatim,1,2024-09-12 22:23:30,Kenapa akhirÂ² ini tiktok boros kuota,Negatif
Baby Nita,1,2024-09-12 16:48:33,ğŸ˜»,Negatif
Ferdy 028,1,2024-09-12 09:32:22,Favite gua,Negatif
Waqas Wesly,5,2024-09-11 23:33:26,Bilalwesly,Positif
Innocent Zongo,5,2024-09-11 23:09:22,J'aime Tik tok. Merci beaucoup: ğŸ™,Positif
Julcyu Ximemes,1,2024-09-11 16:58:59,Yourg single,Negatif
Hengki Zonk,5,2024-09-11 16:04:46,Good ğŸ‘ğŸ‘ğŸ‘,Positif
Deden Buuk,5,2024-09-11 10:54:58,Sangat membantu,Positif
Adeya Ato,5,2024-09-11 10:13:11,Dedy,Positif
Asri Yadi,3,2024-09-11 07:50:35,Masa depan tidak ada yg tau gak sih tawa sutra dahsyat inbox insert intens kiss klik koki kompas dan aku nmba 100 om om momod numpang nanya nih gan,Netral
Sheilla Azzahra,1,2024-09-11 03:00:04,Tidak baik,Negatif
sito senapdragon,1,2024-09-11 02:20:01,tiktok k*nt*l bikin orang enek ngabisin kuota doank t@i..!!!,Negatif
Syamsuri Ikram,5,2024-09-11 00:01:57,OK banget,Positif
Ust Abrar Jusmer,1,2024-09-10 22:44:21,Aplikasi tolol ga bisa mempertimbangkan mana yang melanggar panduan mana yang nggak,Negatif
Filipus Nainggolan,5,2024-09-10 20:57:16,FILIPUS HOTTUA EM NAINGGOLAN,Positif
Muhammad Jamil,1,2024-09-10 18:26:39,TurLock,Negatif
Ihsan Tohir (Mohamad ali),5,2024-09-10 17:25:54,Hiburan mendukung,Positif
Leey Chi,5,2024-09-10 15:35:06,Kenapa saya tidak bisa follback orang yang mengikuti ku ? Dan kenapa saya tidak bisa posting video? Tolong dijawab,Positif
Daniela Fatima,5,2024-09-10 15:21:35,ap nya baik..I will best know how much you want you..ğŸ‘ŠğŸ˜»ğŸ˜»,Positif
